human	occupation
23	901
23	28640
23	47064
23	81096
23	82955
23	131512
23	189290
23	192581
23	327055
23	372436
23	483501
23	702269
23	703534
23	901402
23	1250916
23	1414937
23	1650915
23	1734662
23	2500638
23	3391743
23	4164871
23	5352191
23	6958747
23	10076267
23	11424604
23	11699606
23	16869121
23	20826540
23	24229398
23	61022630
42	28389
42	33999
42	36180
42	214917
42	245068
42	327055
42	482980
42	483501
42	702269
42	713200
42	2500638
42	4853732
42	6625963
42	18844224
42	24229398
42	28225718
76	36180
76	40348
76	82955
76	185351
76	327055
76	372436
76	482980
76	483501
76	702269
76	2500638
76	15253558
76	15980158
76	24229398
80	901
80	28640
80	37226
80	43845
80	81096
80	82594
80	169470
80	183888
80	192581
80	205375
80	327055
80	482980
80	483501
80	702269
80	974144
80	1572123
80	1622272
80	1650915
80	1709010
80	2500638
80	3400985
80	4359236
80	5157565
80	5428874
80	5482740
80	6958747
80	20826540
80	24229398
91	28640
91	40348
91	47064
91	82955
91	131512
91	185351
91	189290
91	192581
91	212238
91	327055
91	372436
91	572700
91	599151
91	702269
91	703534
91	978044
91	1162163
91	1250916
91	1251441
91	1414937
91	2462658
91	4164871
91	6958747
91	16532929
91	24229398
91	25713832
91	61022630
91	80363469
157	40348
157	82955
157	185351
157	212238
157	327055
157	372436
157	572700
157	599151
157	702269
157	703534
157	978044
157	1162163
157	1251441
157	2462658
157	4594605
157	16532929
157	24229398
157	25713832
157	80363469
181	901
181	28640
181	36180
181	43845
181	82594
181	131524
181	192581
181	327055
181	482980
181	483501
181	702269
181	1650915
181	2500638
181	5157565
181	6958747
181	8246794
181	20826540
181	24229398
185	901
185	28640
185	36180
185	43845
185	82594
185	192581
185	327055
185	482980
185	483501
185	702269
185	1650915
185	2500638
185	4964182
185	5157565
185	6958747
185	8246794
185	16727193
185	20826540
185	24229398
186	901
186	28640
186	36180
186	81096
186	82594
186	192581
186	327055
186	482980
186	483501
186	702269
186	1572123
186	1650915
186	1709010
186	2500638
186	4197743
186	5157565
186	5165152
186	6958747
186	8246794
186	15980158
186	15980804
186	18536342
186	20826540
186	24229398
192	82955
192	327055
192	702269
192	24229398
206	901
206	82955
206	188094
206	327055
206	483501
206	486748
206	639669
206	702269
206	1075651
206	1278335
206	1650915
206	2500638
206	15319501
206	20826540
206	24229398
207	28640
207	36180
207	43845
207	47064
207	82955
207	189290
207	192581
207	255274
207	327055
207	372436
207	482980
207	483501
207	702269
207	703534
207	864380
207	1028181
207	1250916
207	1414937
207	1979607
207	2066131
207	2500638
207	3391743
207	4164871
207	4197743
207	6958747
207	12859263
207	13415036
207	14089670
207	15980158
207	18536342
207	18814623
207	24229398
207	28503751
207	50995749
207	61022630
254	901
254	28640
254	36834
254	37226
254	192581
254	327055
254	482980
254	483501
254	486748
254	639669
254	702269
254	765778
254	974144
254	1075651
254	1231865
254	1259917
254	1278335
254	1650915
254	2500638
254	2675537
254	6958747
254	15319501
254	16145150
254	20826540
254	24229398
255	901
255	28640
255	36834
255	37226
255	158852
255	192581
255	327055
255	482980
255	483501
255	486748
255	639669
255	702269
255	713200
255	765778
255	974144
255	978044
255	1075651
255	1162163
255	1198887
255	1231865
255	1251441
255	1259917
255	1278335
255	1650915
255	2462658
255	2500638
255	2675537
255	6958747
255	15319501
255	16145150
255	20826540
255	24229398
255	25713832
260	901
260	18805
260	28640
260	36180
260	37226
260	43845
260	121594
260	192581
260	201788
260	327055
260	350979
260	482980
260	483501
260	601401
260	702269
260	864503
260	974144
260	1622272
260	1650915
260	1731155
260	2468727
260	2500638
260	3055126
260	3400985
260	3621491
260	4359236
260	4964182
260	5428874
260	6958747
260	13418253
260	14467526
260	15319501
260	15936497
260	15980158
260	16727193
260	19829999
260	20826540
260	24229398
260	30102337
272	36180
272	193391
272	212238
272	327055
272	482980
272	483501
272	572700
272	702269
272	703534
272	978044
272	1162163
272	1251441
272	2462658
272	2500638
272	16532929
272	24229398
272	25713832
272	80363469
296	327055
296	483501
296	702269
296	1028181
296	3391743
296	24229398
297	327055
297	483501
297	702269
297	1028181
297	3391743
297	24229398
301	42973
301	255274
301	327055
301	483501
301	702269
301	1028181
301	1281618
301	2500638
301	3391743
301	5322166
301	24229398
303	28389
303	33999
303	36180
303	36834
303	47064
303	177220
303	327055
303	482980
303	483501
303	486748
303	639669
303	702269
303	703534
303	753110
303	855091
303	1075651
303	1250916
303	1278335
303	1414937
303	1643514
303	2066131
303	2500638
303	2643890
303	4991371
303	9017214
303	10800557
303	11124885
303	24229398
303	50995749
306	901
306	28640
306	37226
306	43845
306	82955
306	188094
306	192581
306	327055
306	483501
306	702269
306	974144
306	978044
306	1251441
306	1622272
306	1650915
306	2462658
306	2500638
306	3400985
306	4359236
306	5428874
306	6958747
306	15319501
306	20826540
306	24229398
306	25713832
306	26481809
306	50995749
307	901
307	11063
307	28640
307	37226
307	43845
307	58968
307	81096
307	155647
307	169470
307	170790
307	177826
307	192581
307	205375
307	327055
307	483501
307	702269
307	974144
307	1430956
307	1622272
307	1650915
307	2259532
307	2500638
307	3400985
307	4359236
307	4504549
307	4964182
307	5428874
307	6958747
307	12328016
307	12797895
307	16727193
307	17573152
307	20826540
307	22082749
307	24229398
320	39631
320	43229
320	82955
320	327055
320	483501
320	702269
320	774306
320	1650915
320	2169973
320	2500638
320	3332438
320	4287745
320	4830453
320	11974939
320	24229398
326	81096
326	82955
326	327055
326	702269
326	13582652
326	24229398
329	40348
329	82955
329	185351
329	327055
329	702269
329	24229398
331	901
331	28640
331	37226
331	40348
331	43845
331	82955
331	121594
331	185351
331	188094
331	192581
331	193391
331	212238
331	327055
331	483501
331	572700
331	601401
331	702269
331	703534
331	974144
331	978044
331	1162163
331	1251441
331	1622272
331	1650915
331	2462658
331	2500638
331	3400985
331	4359236
331	5428874
331	6958747
331	15319501
331	16532929
331	20826540
331	24229398
331	25713832
331	80363469
335	28640
335	37226
335	40348
335	43845
335	82955
335	185351
335	192581
335	327055
335	702269
335	974144
335	1622272
335	3400985
335	4359236
335	5428874
335	6958747
335	20826540
335	24229398
346	82955
346	327055
346	702269
346	1097498
346	1250916
346	1251441
346	1414937
346	4164871
346	24229398
352	36180
352	47064
352	82955
352	327055
352	482980
352	483501
352	702269
352	703534
352	1028181
352	1250916
352	1414937
352	2500638
352	3242115
352	3391743
352	4991371
352	11499147
352	15253558
352	15980158
352	24229398
353	48352
353	82955
353	294414
353	327055
353	372436
353	702269
353	1097498
353	1251441
353	4164871
353	24229398
354	41583
354	628099
354	937857
354	1104185
354	2066131
354	4197743
354	18536342
354	24229398
354	50995749
360	901
360	28640
360	36180
360	43845
360	81096
360	82594
360	131524
360	183888
360	192581
360	327055
360	482980
360	483501
360	578109
360	702269
360	978044
360	1162163
360	1251441
360	1572123
360	1650915
360	1709010
360	1930187
360	2059704
360	2462658
360	2500638
360	2961975
360	3282637
360	3455803
360	5157565
360	5482740
360	6958747
360	13235160
360	15253558
360	15980804
360	20826540
360	24229398
360	25713832
368	28640
368	47064
368	82955
368	189290
368	192581
368	327055
368	702269
368	703534
368	1250916
368	1414937
368	4164871
368	6958747
368	24229398
368	61022630
377	28389
377	28640
377	36180
377	49757
377	82955
377	192581
377	214917
377	327055
377	333634
377	482980
377	483501
377	702269
377	1642960
377	1650915
377	1790480
377	1930187
377	2500638
377	6051619
377	6958747
377	14467526
377	15980804
377	16727193
377	20826540
377	24229398
377	30102337
379	937857
379	2066131
379	4197743
379	18536342
379	24229398
379	50995749
392	28389
392	33999
392	36180
392	36834
392	43845
392	49757
392	130857
392	131524
392	177220
392	183945
392	211236
392	327055
392	482980
392	483501
392	639669
392	702269
392	753110
392	822146
392	855091
392	864380
392	978044
392	1028181
392	1251441
392	1278335
392	1885941
392	2462658
392	2500638
392	2526255
392	2643890
392	2722764
392	3391743
392	3455803
392	5322166
392	10800557
392	13235160
392	13590141
392	15980158
392	15980804
392	16961937
392	18814623
392	24229398
392	25713832
400	33999
400	36180
400	43845
400	131524
400	327055
400	482980
400	483501
400	488111
400	702269
400	713200
400	852857
400	864380
400	978044
400	1251441
400	1630100
400	2405480
400	2462658
400	2500638
400	2526255
400	3282637
400	3286043
400	3455803
400	4610556
400	5716684
400	10800557
400	13235160
400	15980158
400	15980804
400	18814623
400	24229398
400	25713832
400	27943370
407	33999
407	36180
407	327055
407	482980
407	483501
407	488111
407	702269
407	852857
407	864380
407	2500638
407	10800557
407	11499147
407	15253558
407	15980158
407	18814623
407	24229398
407	34074720
409	36834
409	177220
409	327055
409	482980
409	483501
409	488205
409	639669
409	702269
409	753110
409	855091
409	1278335
409	2500638
409	2643890
409	24229398
410	901
410	11063
410	18805
410	28389
410	28640
410	36180
410	37226
410	43845
410	169470
410	192581
410	211236
410	327055
410	482980
410	483501
410	702269
410	752129
410	947873
410	974144
410	1622272
410	1650915
410	1885941
410	2500638
410	3400985
410	4359236
410	5428874
410	6625963
410	6958747
410	13590141
410	15980158
410	15980804
410	16961937
410	18844224
410	20826540
410	24229398
410	28225718
410	44508716
410	94498772
440	39631
440	43229
440	82955
440	327055
440	702269
440	774306
440	2169973
440	3332438
440	4287745
440	4830453
440	11974939
440	24229398
444	901
444	82955
444	165029
444	188094
444	327055
444	483501
444	702269
444	1391083
444	1650915
444	2500638
444	8359428
444	11499147
444	15253558
444	15319501
444	15627169
444	20826540
444	24229398
448	901
448	28389
448	28640
448	36180
448	37226
448	192581
448	201788
448	214917
448	327055
448	333634
448	482980
448	483501
448	702269
448	974144
448	1238570
448	1650915
448	1790480
448	2500638
448	3400985
448	4164507
448	4263842
448	4964182
448	6430706
448	6625963
448	6958747
448	11774202
448	14467526
448	14972848
448	15319501
448	15980158
448	16314361
448	16727193
448	17167049
448	20020377
448	20826540
448	24229398
448	30102337
449	36180
449	36834
449	49757
449	177220
449	327055
449	482980
449	483501
449	488205
449	639669
449	702269
449	753110
449	855091
449	1278335
449	2500638
449	2643890
449	24229398
464	901
464	11063
464	28640
464	37226
464	43845
464	169470
464	170790
464	192581
464	327055
464	483501
464	702269
464	974144
464	1622272
464	1650915
464	2500638
464	3400985
464	4359236
464	5428874
464	6958747
464	20826540
464	24229398
475	40348
475	82955
475	185351
475	327055
475	702269
475	24229398
489	28389
489	28640
489	33999
489	36180
489	43845
489	131524
489	192581
489	211236
489	245068
489	327055
489	482980
489	483501
489	702269
489	713200
489	947873
489	1885941
489	1930187
489	2500638
489	3282637
489	6958747
489	10798782
489	10800557
489	13235160
489	13590141
489	15980804
489	16961937
489	24229398
489	44508716
489	94498772
493	36180
493	43845
493	49757
493	215536
493	327055
493	482980
493	483501
493	702269
493	1415187
493	2500638
493	2873500
493	3704253
493	11900058
493	22813352
493	24229398
493	30093123
498	47064
498	82955
498	327055
498	702269
498	703534
498	1250916
498	1414937
498	24229398
501	36180
501	49757
501	327055
501	333634
501	482980
501	483501
501	702269
501	1650915
501	1790480
501	2500638
501	4164507
501	4263842
501	6430706
501	11774202
501	14467526
501	15980158
501	16727193
501	17167049
501	20020377
501	20826540
501	24229398
501	30102337
502	36180
502	327055
502	482980
502	483501
502	702269
502	864380
502	2500638
502	6625963
502	11774156
502	15980158
502	18814623
502	24229398
504	28389
504	28640
504	33231
504	36180
504	49757
504	192581
504	214917
504	327055
504	482980
504	483501
504	702269
504	1650915
504	1930187
504	2500638
504	3391743
504	4164507
504	4263842
504	6430706
504	6625963
504	6958747
504	11774202
504	15839299
504	15949613
504	15980158
504	15980804
504	16727193
504	17167049
504	20020377
504	20826540
504	24229398
512	28389
512	33999
512	36180
512	36834
512	49757
512	177220
512	327055
512	482980
512	483501
512	488205
512	639669
512	702269
512	713200
512	753110
512	822146
512	855091
512	1278335
512	2259451
512	2500638
512	2643890
512	10800557
512	12144794
512	24229398
517	116
517	28640
517	47064
517	48352
517	82955
517	189290
517	192581
517	294414
517	327055
517	372436
517	483501
517	702269
517	703534
517	1097498
517	1250916
517	1251441
517	1414937
517	2304859
517	3243461
517	4164871
517	6958747
517	10732476
517	24229398
517	61022630
529	901
529	18805
529	28640
529	37226
529	43845
529	192581
529	327055
529	483501
529	593644
529	702269
529	864503
529	974144
529	1622272
529	1650915
529	1781198
529	2500638
529	2919046
529	3400985
529	3779582
529	4359236
529	5428874
529	6958747
529	20826540
529	24229398
530	2066131
530	4144610
530	4270517
530	20965770
530	24229398
530	50995749
535	28389
535	36180
535	49757
535	82955
535	214917
535	327055
535	482980
535	483501
535	644687
535	702269
535	864380
535	2500638
535	3391743
535	6625963
535	8178443
535	11774156
535	11774202
535	15296811
535	15980158
535	18814623
535	22813352
535	24229398
539	36180
539	47064
539	82955
539	212948
539	327055
539	482980
539	483501
539	702269
539	703534
539	864380
539	1125062
539	1250916
539	1397808
539	1414937
539	2500638
539	3242115
539	4991371
539	11499147
539	15253558
539	15980158
539	18814623
539	24229398
555	28389
555	28640
555	33999
555	36180
555	192581
555	211236
555	327055
555	482980
555	483501
555	702269
555	947873
555	1642960
555	1885941
555	1930187
555	2500638
555	2722764
555	6958747
555	13590141
555	15980804
555	16961937
555	24229398
555	44508716
555	94498772
557	33231
557	36180
557	36834
557	49757
557	177220
557	327055
557	482980
557	483501
557	488205
557	639669
557	702269
557	753110
557	855091
557	1278335
557	1476215
557	2500638
557	2643890
557	3391743
557	11499147
557	15253558
557	15296811
557	24229398
558	33231
558	242468
558	327055
558	483501
558	702269
558	1294787
558	1391344
558	2500638
558	2588761
558	3391743
558	3501317
558	5322166
558	24229398
558	27943370
558	66035178
559	36180
559	39631
559	43229
559	202883
559	327055
559	482980
559	483501
559	702269
559	2169973
559	2500638
559	3332438
559	4287745
559	4830453
559	11974939
559	15980158
559	24229398
562	901
562	18805
562	177826
562	193391
562	212238
562	219477
562	327055
562	483501
562	572700
562	702269
562	703534
562	864503
562	978044
562	1162163
562	1251441
562	1294787
562	1391344
562	1650915
562	1781198
562	2259532
562	2374149
562	2462658
562	2500638
562	2588761
562	2873500
562	3140857
562	4504549
562	11900058
562	16532929
562	17573152
562	20826540
562	22813352
562	24229398
562	25713832
562	30093123
562	80363469
563	28389
563	33999
563	36180
563	36834
563	49757
563	177220
563	214917
563	327055
563	482980
563	483501
563	488205
563	639669
563	702269
563	713200
563	753110
563	822146
563	2259451
563	2500638
563	2643890
563	6625963
563	10800557
563	15949613
563	24229398
567	901
567	82955
567	169470
567	327055
567	372436
567	483501
567	593644
567	702269
567	1650915
567	2500638
567	20826540
567	24229398
576	43845
576	81096
576	82955
576	131524
576	327055
576	702269
576	13582652
576	24229398
579	28640
579	47064
579	82955
579	189290
579	192581
579	327055
579	702269
579	703534
579	1250916
579	1414937
579	4164871
579	6958747
579	24229398
579	61022630
590	28389
590	36180
590	47064
590	49757
590	214917
590	327055
590	482980
590	483501
590	702269
590	703534
590	1250916
590	1414937
590	2500638
590	24229398
600	2066131
600	4197743
600	10871364
600	18536342
600	24229398
600	50995749
603	28640
603	192581
603	211236
603	327055
603	482980
603	483501
603	702269
603	947873
603	1885941
603	1930187
603	2500638
603	2722764
603	6958747
603	13590141
603	15980804
603	16961937
603	24229398
603	44508716
603	94498772
605	28640
605	36180
605	192581
605	327055
605	482980
605	483501
605	702269
605	1086863
605	1642960
605	1930187
605	2500638
605	6051619
605	6958747
605	8246794
605	15980804
605	24229398
607	33999
607	36180
607	43845
607	82955
607	215536
607	254651
607	327055
607	373021
607	482980
607	483501
607	702269
607	978044
607	1162163
607	1251441
607	1415187
607	2095549
607	2462658
607	2500638
607	3704253
607	23640580
607	24229398
607	25713832
609	82955
609	327055
609	702269
609	24229398
615	937857
615	2066131
615	4197743
615	18536342
615	24229398
615	50995749
619	901
619	11063
619	36180
619	39631
619	43229
619	169470
619	170790
619	185351
619	188094
619	193391
619	212238
619	327055
619	333634
619	482980
619	483501
619	572700
619	702269
619	703534
619	978044
619	1162163
619	1251441
619	1650915
619	1790480
619	2169973
619	2462658
619	2500638
619	4287745
619	4830453
619	4964182
619	11974939
619	14467526
619	15319501
619	16012028
619	16532929
619	16727193
619	20826540
619	24229398
619	25713832
619	30102337
619	80363469
624	28640
624	192581
624	327055
624	482980
624	483501
624	702269
624	937857
624	1930187
624	2066131
624	2500638
624	4197743
624	6958747
624	15980804
624	18536342
624	24229398
624	50995749
632	47064
632	212238
632	212948
632	327055
632	572700
632	599151
632	702269
632	703534
632	978044
632	1125062
632	1162163
632	1250916
632	1251441
632	1397808
632	1414937
632	2462658
632	3242115
632	4991371
632	11499147
632	15253558
632	16532929
632	23833535
632	24229398
632	25713832
632	80363469
633	33999
633	36180
633	36834
633	43845
633	131524
633	177220
633	183945
633	327055
633	482980
633	483501
633	486748
633	488205
633	639669
633	702269
633	753110
633	855091
633	864380
633	978044
633	1075651
633	1251441
633	1278335
633	2462658
633	2500638
633	2526255
633	2643890
633	3455803
633	10800557
633	13235160
633	15980158
633	18814623
633	24229398
633	25713832
635	82955
635	327055
635	702269
635	1097498
635	1251441
635	2304859
635	4164871
635	24229398
636	33999
636	36834
636	43845
636	131524
636	177220
636	183945
636	327055
636	482980
636	483501
636	488205
636	639669
636	702269
636	753110
636	2500638
636	2643890
636	13235160
636	24229398
636	55960555
640	901
640	28640
640	33231
640	82594
640	192581
640	327055
640	483501
640	702269
640	1650915
640	2500638
640	3391743
640	5157565
640	6958747
640	20826540
640	24229398
651	28389
651	28640
651	36180
651	37226
651	43845
651	49757
651	82955
651	192581
651	201788
651	214917
651	327055
651	482980
651	483501
651	702269
651	974144
651	1622272
651	1650915
651	1792450
651	2500638
651	3400985
651	4164507
651	4359236
651	4964182
651	5428874
651	6430706
651	6625963
651	6958747
651	15980158
651	16727193
651	17167049
651	18931911
651	20020377
651	20826540
651	24229398
675	901
675	81096
675	169470
675	170790
675	327055
675	483501
675	702269
675	1650915
675	2500638
675	4964182
675	16727193
675	20826540
675	24229398
680	901
680	28640
680	37226
680	43845
680	81096
680	121594
680	169470
680	192581
680	205375
680	327055
680	483501
680	593644
680	601401
680	702269
680	974144
680	1622272
680	1650915
680	2500638
680	3400985
680	4359236
680	5428874
680	6958747
680	20826540
680	24229398
687	28389
687	28640
687	33999
687	36180
687	49757
687	192581
687	214917
687	245068
687	327055
687	482980
687	483501
687	487596
687	702269
687	713200
687	978044
687	1251441
687	2259451
687	2462658
687	2500638
687	3387717
687	3455803
687	6430706
687	6958747
687	15839299
687	15980158
687	24229398
687	25713832
692	28389
692	33999
692	36180
692	49757
692	214917
692	327055
692	482980
692	483501
692	487596
692	702269
692	713200
692	2259451
692	2500638
692	24229398
714	36180
714	36834
714	43845
714	49757
714	131524
714	177220
714	183945
714	327055
714	386854
714	482980
714	483501
714	486748
714	488205
714	639669
714	702269
714	753110
714	1075651
714	1278335
714	1643514
714	2500638
714	2643890
714	4351403
714	13235160
714	24229398
714	55960555
720	28640
720	47064
720	82955
720	189290
720	192581
720	327055
720	702269
720	703534
720	1097498
720	1250916
720	1251441
720	1402561
720	1414937
720	4164871
720	6958747
720	24229398
720	61022630
742	28389
742	36180
742	49757
742	201788
742	214917
742	327055
742	333634
742	482980
742	483501
742	702269
742	1650915
742	1790480
742	2500638
742	8178443
742	14467526
742	15980158
742	16727193
742	20826540
742	24229398
742	30102337
747	28389
747	36180
747	49757
747	185351
747	214917
747	327055
747	333634
747	482980
747	483501
747	702269
747	1650915
747	1790480
747	2500638
747	14467526
747	16727193
747	20826540
747	24229398
747	30102337
755	28389
755	36180
755	49757
755	214917
755	327055
755	482980
755	483501
755	702269
755	2500638
755	8178443
755	11774202
755	15980158
755	24229398
762	901
762	11063
762	18805
762	36180
762	36834
762	39631
762	42973
762	43229
762	49757
762	58968
762	81096
762	169470
762	170790
762	193391
762	205375
762	212238
762	255274
762	327055
762	350979
762	482980
762	483501
762	572700
762	593644
762	639669
762	702269
762	703534
762	864503
762	978044
762	1028181
762	1162163
762	1251441
762	1281618
762	1650915
762	2055046
762	2169973
762	2374149
762	2462658
762	2500638
762	3391743
762	3658608
762	4287745
762	4830453
762	4964182
762	5322166
762	10872101
762	11974939
762	13582652
762	15296811
762	16532929
762	16727193
762	20826540
762	24229398
762	25713832
762	80363469
765	28389
765	28640
765	33999
765	36180
765	36834
765	49757
765	192581
765	214917
765	242468
765	245068
765	327055
765	482980
765	483501
765	639669
765	644687
765	702269
765	713200
765	978044
765	1028181
765	1251441
765	1294787
765	1323191
765	1391344
765	2259451
765	2462658
765	2500638
765	2588761
765	2707485
765	3387717
765	3391743
765	3455803
765	5322166
765	6430706
765	6958747
765	10800557
765	15296811
765	15839299
765	15980158
765	22811707
765	24229398
765	25713832
765	27943370
765	66035178
767	28640
767	36180
767	37226
767	49757
767	192581
767	327055
767	333634
767	482980
767	483501
767	644687
767	702269
767	974144
767	1650915
767	1790480
767	2500638
767	3391743
767	4164507
767	4263842
767	6430706
767	6958747
767	10511368
767	14467526
767	15296811
767	15980158
767	16727193
767	17167049
767	20020377
767	20826540
767	24229398
767	30102337
814	33999
814	327055
814	483501
814	702269
814	713200
814	2500638
814	4610556
814	5716684
814	10800557
814	24229398
814	27943370
815	40348
815	82955
815	185351
815	193391
815	212238
815	327055
815	572700
815	702269
815	703534
815	978044
815	1162163
815	1251441
815	2462658
815	16532929
815	24229398
815	25713832
815	80363469
820	40348
820	82955
820	185351
820	193391
820	212238
820	327055
820	572700
820	702269
820	703534
820	978044
820	1162163
820	1251441
820	2462658
820	16532929
820	24229398
820	25713832
820	80363469
835	28389
835	28640
835	33999
835	36180
835	39631
835	43229
835	192581
835	214917
835	245068
835	327055
835	482980
835	483501
835	702269
835	713200
835	774306
835	864380
835	978044
835	1251441
835	1930187
835	2169973
835	2462658
835	2500638
835	3332438
835	3387717
835	3455803
835	4287745
835	4830453
835	6430706
835	6625963
835	6958747
835	8178443
835	11974939
835	15839299
835	15949613
835	15980158
835	15980804
835	18844224
835	24229398
835	25713832
835	28225718
838	327055
838	483501
838	644687
838	702269
838	1028181
838	3391743
838	15296811
838	17573152
838	24229398
839	2066131
839	16947675
839	24037210
839	24229398
839	50995749
845	40348
845	82955
845	185351
845	327055
845	702269
845	24229398
848	40348
848	82955
848	182436
848	185351
848	255274
848	327055
848	702269
848	1662485
848	24229398
849	36180
849	36834
849	49757
849	327055
849	482980
849	483501
849	639669
849	702269
849	753110
849	822146
849	2500638
849	24229398
853	28389
853	28640
853	33999
853	36180
853	192581
853	327055
853	482980
853	483501
853	702269
853	864380
853	978044
853	1251441
853	1414443
853	2462658
853	2500638
853	2526255
853	3387717
853	3455803
853	6958747
853	7042855
853	10800557
853	15839299
853	15980158
853	24229398
853	25713832
855	82955
855	327055
855	482980
855	483501
855	702269
855	2500638
855	3242115
855	11499147
855	15253558
855	24229398
857	40348
857	82955
857	185351
857	327055
857	702269
857	24229398
859	36180
859	49757
859	327055
859	482980
859	483501
859	702269
859	1650915
859	2500638
859	4964182
859	16727193
859	20826540
859	24229398
862	28389
862	36180
862	49757
862	214917
862	327055
862	333634
862	482980
862	483501
862	487596
862	702269
862	1650915
862	1790480
862	2500638
862	11774202
862	14467526
862	15980158
862	16727193
862	20826540
862	24229398
862	30102337
868	901
868	11063
868	18805
868	28640
868	36180
868	37226
868	58968
868	169470
868	170790
868	192581
868	327055
868	350979
868	482980
868	483501
868	702269
868	752129
868	864503
868	901402
868	974144
868	1650915
868	2500638
868	4263842
868	4964182
868	6430706
868	6958747
868	11424604
868	15980158
868	16727193
868	17167049
868	20826540
868	24229398
873	33999
873	43845
873	131524
873	327055
873	483501
873	702269
873	713200
873	2259451
873	2405480
873	3282637
873	10798782
873	10800557
873	13235160
873	15980804
873	24229398
882	28389
882	33999
882	36180
882	36834
882	43845
882	131524
882	245068
882	327055
882	482980
882	483501
882	639669
882	702269
882	713200
882	864380
882	978044
882	1251441
882	1414443
882	1415090
882	2259451
882	2462658
882	2500638
882	2526255
882	3282637
882	3455803
882	7042855
882	10800557
882	13235160
882	15980158
882	15980804
882	18814623
882	24229398
882	25713832
885	47064
885	82955
885	327055
885	702269
885	703534
885	1250916
885	1414937
885	24229398
892	28640
892	36180
892	37226
892	43845
892	47064
892	49757
892	189290
892	192581
892	327055
892	333634
892	482980
892	483501
892	702269
892	703534
892	974144
892	1250916
892	1414937
892	1622272
892	1650915
892	1790480
892	2500638
892	3400985
892	4164871
892	4263842
892	4359236
892	4853732
892	5428874
892	6430706
892	6958747
892	11774202
892	14467526
892	15980158
892	16727193
892	17167049
892	20826540
892	24229398
892	30102337
892	61022630
905	28389
905	36180
905	40348
905	49757
905	185351
905	212238
905	327055
905	333634
905	482980
905	483501
905	572700
905	702269
905	703534
905	864380
905	978044
905	1162163
905	1251441
905	1650915
905	1790480
905	2462658
905	2500638
905	6503343
905	6625963
905	11774156
905	12144794
905	14467526
905	15949613
905	15980158
905	16532929
905	16727193
905	18814623
905	20826540
905	24229398
905	25713832
905	30093123
905	30102337
905	80363469
909	28389
909	36180
909	49757
909	182436
909	255274
909	327055
909	333634
909	482980
909	483501
909	702269
909	1650915
909	1662485
909	1790480
909	2500638
909	4263842
909	6430706
909	14467526
909	15980158
909	16727193
909	17167049
909	20826540
909	24229398
909	30102337
913	327055
913	483501
913	702269
913	1650915
913	2500638
913	4964182
913	16727193
913	20826540
913	24229398
920	36180
920	36834
920	49757
920	327055
920	333634
920	482980
920	483501
920	639669
920	702269
920	753110
920	822146
920	1650915
920	1790480
920	2500638
920	6625963
920	14467526
920	16727193
920	20826540
920	24229398
920	30102337
926	36180
926	45199
926	254651
926	327055
926	373021
926	482980
926	483501
926	702269
926	1650915
926	2095549
926	2500638
926	2873500
926	11900058
926	22813352
926	23640580
926	24229398
926	30093123
927	28389
927	36180
927	49757
927	214917
927	327055
927	482980
927	483501
927	702269
927	2500638
927	6625963
927	11774202
927	15980158
927	24229398
930	42973
930	255274
930	327055
930	483501
930	702269
930	1028181
930	2500638
930	3391743
930	5322166
930	24229398
935	901
935	11063
935	28640
935	36180
935	37226
935	43845
935	58968
935	81096
935	82955
935	169470
935	170790
935	192581
935	205375
935	327055
935	482980
935	483501
935	593644
935	702269
935	974144
935	1234713
935	1430956
935	1622272
935	1650915
935	2500638
935	3400985
935	4359236
935	4964182
935	5428874
935	6958747
935	12797895
935	15319501
935	15980158
935	16727193
935	17573152
935	18931911
935	19829980
935	20826540
935	22082749
935	24229398
937	901
937	28640
937	36180
937	37226
937	43845
937	81096
937	169470
937	170790
937	192581
937	205375
937	212238
937	327055
937	482980
937	483501
937	572700
937	702269
937	703534
937	974144
937	978044
937	1162163
937	1231865
937	1251441
937	1622272
937	1650915
937	2462658
937	2500638
937	3400985
937	4359236
937	4964182
937	5428874
937	6958747
937	15319501
937	15980158
937	16532929
937	16727193
937	18931911
937	20826540
937	24229398
937	25713832
937	80363469
939	36180
939	36834
939	49757
939	82955
939	327055
939	482980
939	483501
939	639669
939	702269
939	2500638
939	24229398
946	36180
946	82955
946	201788
946	327055
946	482980
946	483501
946	702269
946	1650915
946	2500638
946	15980158
946	16727193
946	20826540
946	24229398
949	901
949	28640
949	37226
949	43845
949	81096
949	169470
949	192581
949	205375
949	327055
949	483501
949	702269
949	974144
949	1326886
949	1391344
949	1622272
949	1650915
949	2500638
949	2588761
949	3400985
949	4359236
949	5428874
949	6958747
949	20826540
949	24229398
984	36180
984	327055
984	482980
984	483501
984	702269
984	2500638
984	6625963
984	11499147
984	15253558
984	15980158
984	24229398
984	34074720
989	28640
989	36180
989	37226
989	42603
989	43845
989	49757
989	82955
989	121594
989	161944
989	177826
989	192581
989	250867
989	327055
989	482980
989	483501
989	601401
989	702269
989	831474
989	860918
989	974144
989	1423891
989	1476215
989	1622272
989	1650915
989	2259532
989	2500638
989	3315492
989	3400985
989	4359236
989	4964182
989	5428874
989	6958747
989	11499147
989	15253558
989	16727193
989	17573152
989	20826540
989	24229398
989	25393460
991	28640
991	36180
991	192581
991	327055
991	333634
991	482980
991	483501
991	702269
991	864380
991	1650915
991	1790480
991	1930187
991	2500638
991	4964182
991	6625963
991	6958747
991	11774202
991	14467526
991	15949613
991	15980158
991	15980804
991	16727193
991	20826540
991	24229398
991	30102337
997	901
997	169470
997	327055
997	483501
997	702269
997	1476215
997	1650915
997	2500638
997	11499147
997	15253558
997	16742096
997	20826540
997	24229398
1001	28640
1001	36180
1001	40348
1001	82955
1001	185351
1001	192581
1001	327055
1001	482980
1001	483501
1001	702269
1001	808967
1001	864380
1001	1021386
1001	1476215
1001	1607826
1001	1650915
1001	1930187
1001	2500638
1001	3242115
1001	4964182
1001	6958747
1001	11499147
1001	11774156
1001	11774202
1001	15253558
1001	15980158
1001	15980804
1001	16727193
1001	17351648
1001	18814623
1001	20826540
1001	24229398
1001	96050759
1023	36834
1023	43845
1023	131524
1023	177220
1023	183945
1023	327055
1023	482980
1023	483501
1023	639669
1023	702269
1023	753110
1023	2500638
1023	2643890
1023	13235160
1023	24229398
1031	36180
1031	40348
1031	49757
1031	185351
1031	327055
1031	482980
1031	483501
1031	702269
1031	2500638
1031	24229398
1035	901
1035	18805
1035	36180
1035	131512
1035	327055
1035	350979
1035	482980
1035	483501
1035	520549
1035	702269
1035	864503
1035	1650915
1035	2374149
1035	2500638
1035	2873500
1035	3055126
1035	11424604
1035	11900058
1035	15980158
1035	16868721
1035	20826540
1035	22813352
1035	24229398
1035	30093123
1043	901
1043	18805
1043	28640
1043	36180
1043	37226
1043	39631
1043	43229
1043	43845
1043	121594
1043	192581
1043	327055
1043	350979
1043	482980
1043	483501
1043	520549
1043	601401
1043	702269
1043	864380
1043	864503
1043	974144
1043	1225716
1043	1622272
1043	1650915
1043	2169973
1043	2374149
1043	2487799
1043	2500638
1043	3055126
1043	3400985
1043	4287745
1043	4359236
1043	4830453
1043	5428874
1043	6958747
1043	11424604
1043	11974939
1043	15980158
1043	18814623
1043	20826540
1043	24229398
1047	36180
1047	40348
1047	82955
1047	185351
1047	327055
1047	372436
1047	482980
1047	483501
1047	702269
1047	808967
1047	864380
1047	2500638
1047	8359428
1047	11499147
1047	15253558
1047	15627169
1047	15980158
1047	18814623
1047	24229398
1048	36180
1048	42603
1048	47064
1048	49757
1048	82955
1048	177826
1048	201788
1048	255274
1048	327055
1048	482980
1048	483501
1048	702269
1048	703534
1048	864380
1048	1097498
1048	1250916
1048	1251441
1048	1414937
1048	1423891
1048	1650915
1048	2259532
1048	2500638
1048	3315492
1048	4164871
1048	11774156
1048	12859263
1048	15980158
1048	16727193
1048	17573152
1048	18814623
1048	20826540
1048	24229398
1048	28503751
1048	97667506
1048	98103687
1051	901
1051	18805
1051	327055
1051	350979
1051	483501
1051	702269
1051	864503
1051	1650915
1051	2500638
1051	3055126
1051	20826540
1051	24229398
1056	47064
1056	82955
1056	254651
1056	327055
1056	373021
1056	702269
1056	703534
1056	1250916
1056	1414937
1056	2095549
1056	23640580
1056	24229398
1058	82955
1058	327055
1058	702269
1058	24229398
1064	36180
1064	49757
1064	82955
1064	327055
1064	482980
1064	483501
1064	702269
1064	2500638
1064	6625963
1064	24229398
1067	901
1067	28640
1067	36180
1067	36834
1067	37226
1067	49757
1067	58968
1067	82955
1067	192581
1067	327055
1067	482980
1067	483501
1067	639669
1067	702269
1067	753110
1067	822146
1067	974144
1067	1238570
1067	1650915
1067	2500638
1067	3400985
1067	4964182
1067	6958747
1067	12144794
1067	15319501
1067	15980158
1067	16727193
1067	18931911
1067	20826540
1067	24229398
1081	130857
1081	327055
1081	483501
1081	639669
1081	702269
1081	24229398
1124	28640
1124	36180
1124	37226
1124	40348
1124	82955
1124	185351
1124	192581
1124	193391
1124	212238
1124	327055
1124	372436
1124	482980
1124	483501
1124	572700
1124	639669
1124	702269
1124	703534
1124	864380
1124	974144
1124	978044
1124	1162163
1124	1251441
1124	1278335
1124	2462658
1124	2500638
1124	6958747
1124	12800682
1124	15980158
1124	16532929
1124	18814623
1124	20826540
1124	24229398
1124	25713832
1124	80363469
1145	28640
1145	36834
1145	37226
1145	192581
1145	327055
1145	482980
1145	483501
1145	639669
1145	702269
1145	713200
1145	765778
1145	974144
1145	1075651
1145	1278335
1145	1650915
1145	2490358
1145	2500638
1145	3400985
1145	6958747
1145	14915627
1145	16727193
1145	18931911
1145	20826540
1145	24229398
1149	82955
1149	327055
1149	702269
1149	24229398
1151	28389
1151	28640
1151	36180
1151	36834
1151	158852
1151	182436
1151	192581
1151	214917
1151	255274
1151	327055
1151	482980
1151	483501
1151	639669
1151	702269
1151	713200
1151	864380
1151	978044
1151	1162163
1151	1198887
1151	1251441
1151	1278335
1151	1350157
1151	1662485
1151	1930187
1151	2462658
1151	2500638
1151	6430706
1151	6958747
1151	8178443
1151	15980158
1151	15980804
1151	18814623
1151	20669622
1151	24229398
1151	25713832
1178	36834
1178	158852
1178	327055
1178	482980
1178	483501
1178	486748
1178	639669
1178	702269
1178	713200
1178	978044
1178	1075651
1178	1162163
1178	1198887
1178	1251441
1178	1278335
1178	2462658
1178	2490358
1178	2500638
1178	24229398
1178	25713832
1189	937857
1189	2066131
1189	4009406
1189	4197743
1189	11513337
1189	14616728
1189	18536342
1189	24229398
1189	50995749
1192	901
1192	28640
1192	36834
1192	37226
1192	158852
1192	192581
1192	327055
1192	482980
1192	483501
1192	639669
1192	702269
1192	713200
1192	805221
1192	974144
1192	978044
1192	1162163
1192	1198887
1192	1231865
1192	1251441
1192	1259917
1192	1278335
1192	1650915
1192	2462658
1192	2490358
1192	2500638
1192	2675537
1192	5716684
1192	6958747
1192	15319501
1192	16145150
1192	20826540
1192	24229398
1192	25713832
1203	33999
1203	36180
1203	36834
1203	43845
1203	49757
1203	131524
1203	177220
1203	183945
1203	211236
1203	327055
1203	482980
1203	483501
1203	486748
1203	488205
1203	639669
1203	662729
1203	702269
1203	753110
1203	855091
1203	978044
1203	1028181
1203	1075651
1203	1251441
1203	1278335
1203	1650915
1203	2462658
1203	2500638
1203	2526255
1203	2643890
1203	3282637
1203	3391743
1203	3455803
1203	4964182
1203	10800557
1203	11499147
1203	12144794
1203	13235160
1203	15253558
1203	15980804
1203	16727193
1203	20826540
1203	24229398
1203	25713832
1217	327055
1217	483501
1217	702269
1217	1028181
1217	3391743
1217	24229398
1220	82955
1220	327055
1220	702269
1220	24229398
1224	901
1224	43845
1224	82955
1224	188094
1224	327055
1224	483501
1224	702269
1224	806798
1224	1650915
1224	2500638
1224	15319501
1224	20826540
1224	24229398
1225	36834
1225	43845
1225	131524
1225	177220
1225	183945
1225	327055
1225	482980
1225	483501
1225	486748
1225	639669
1225	702269
1225	855091
1225	1075651
1225	1278335
1225	2500638
1225	2643890
1225	13235160
1225	24229398
1225	55960555
1228	40348
1228	82955
1228	185351
1228	327055
1228	702269
1228	24229398
1230	82955
1230	327055
1230	702269
1230	24229398
1233	28640
1233	82955
1233	192581
1233	327055
1233	482980
1233	483501
1233	702269
1233	1930187
1233	2500638
1233	6958747
1233	15980804
1233	24229398
1235	40348
1235	82955
1235	185351
1235	327055
1235	702269
1235	24229398
1238	82955
1238	193391
1238	212238
1238	327055
1238	572700
1238	702269
1238	703534
1238	978044
1238	1162163
1238	1251441
1238	2462658
1238	16532929
1238	24229398
1238	25713832
1238	80363469
1240	82955
1240	193391
1240	212238
1240	327055
1240	572700
1240	702269
1240	703534
1240	978044
1240	1162163
1240	1251441
1240	2462658
1240	16532929
1240	24229398
1240	25713832
1240	80363469
1241	82955
1241	327055
1241	702269
1241	24229398
1242	901
1242	28640
1242	37226
1242	40348
1242	43845
1242	82955
1242	121594
1242	185351
1242	188094
1242	192581
1242	327055
1242	482980
1242	483501
1242	601401
1242	702269
1242	806798
1242	974144
1242	1622272
1242	1650915
1242	1930187
1242	2500638
1242	3400985
1242	4359236
1242	5428874
1242	6958747
1242	15319501
1242	15980804
1242	20826540
1242	24229398
1245	16533
1245	28640
1245	40348
1245	82955
1245	185351
1245	192581
1245	212238
1245	327055
1245	482980
1245	483501
1245	572700
1245	599151
1245	702269
1245	703534
1245	978044
1245	1162163
1245	1251441
1245	1930187
1245	2462658
1245	2500638
1245	4594605
1245	6958747
1245	15980804
1245	16532929
1245	24229398
1245	25713832
1245	80363469
1253	82955
1253	193391
1253	212238
1253	327055
1253	572700
1253	702269
1253	703534
1253	978044
1253	1162163
1253	1251441
1253	2462658
1253	16532929
1253	24229398
1253	25713832
1253	80363469
1254	901
1254	82955
1254	188094
1254	193391
1254	212238
1254	327055
1254	483501
1254	572700
1254	702269
1254	703534
1254	978044
1254	1162163
1254	1251441
1254	1650915
1254	2462658
1254	2500638
1254	15319501
1254	16532929
1254	20826540
1254	24229398
1254	25713832
1254	80363469
1257	36180
1257	82955
1257	193391
1257	212238
1257	327055
1257	482980
1257	483501
1257	572700
1257	702269
1257	703534
1257	978044
1257	1162163
1257	1251441
1257	2462658
1257	2500638
1257	16532929
1257	24229398
1257	25713832
1257	80363469
1259	40348
1259	82955
1259	185351
1259	193391
1259	212238
1259	327055
1259	572700
1259	702269
1259	703534
1259	978044
1259	1162163
1259	1251441
1259	2462658
1259	16532929
1259	24229398
1259	25713832
1259	80363469
1260	28640
1260	36180
1260	40348
1260	47064
1260	82955
1260	185351
1260	189290
1260	192581
1260	193391
1260	212238
1260	327055
1260	482980
1260	483501
1260	572700
1260	702269
1260	703534
1260	864380
1260	978044
1260	1162163
1260	1250916
1260	1251441
1260	1414937
1260	2462658
1260	2500638
1260	4164871
1260	6958747
1260	15980158
1260	16532929
1260	18814623
1260	24229398
1260	25713832
1260	61022630
1260	80363469
1264	36180
1264	82955
1264	193391
1264	212238
1264	327055
1264	482980
1264	483501
1264	572700
1264	702269
1264	703534
1264	978044
1264	1162163
1264	1251441
1264	2462658
1264	2500638
1264	16532929
1264	24229398
1264	25713832
1264	80363469
1267	901
1267	36180
1267	49757
1267	82955
1267	188094
1267	193391
1267	212238
1267	327055
1267	482980
1267	483501
1267	572700
1267	702269
1267	703534
1267	978044
1267	1162163
1267	1251441
1267	1650915
1267	2462658
1267	2500638
1267	15319501
1267	16532929
1267	20826540
1267	24229398
1267	25713832
1267	80363469
1268	901
1268	28640
1268	36834
1268	37226
1268	192581
1268	327055
1268	482980
1268	483501
1268	486748
1268	639669
1268	702269
1268	713200
1268	974144
1268	1075651
1268	1231865
1268	1278335
1268	1650915
1268	2500638
1268	2675537
1268	6958747
1268	15319501
1268	16145150
1268	20826540
1268	24229398
1271	40348
1271	82955
1271	185351
1271	193391
1271	212238
1271	327055
1271	572700
1271	702269
1271	703534
1271	978044
1271	1162163
1271	1251441
1271	2462658
1271	16532929
1271	24229398
1271	25713832
1271	80363469
1275	82955
1275	193391
1275	212238
1275	327055
1275	572700
1275	702269
1275	703534
1275	978044
1275	1162163
1275	1251441
1275	2462658
1275	16532929
1275	24229398
1275	25713832
1275	80363469
1276	28389
1276	33999
1276	36180
1276	36834
1276	43845
1276	49757
1276	131524
1276	177220
1276	183945
1276	327055
1276	482980
1276	483501
1276	486748
1276	488205
1276	639669
1276	702269
1276	713200
1276	753110
1276	1075651
1276	1278335
1276	2500638
1276	2643890
1276	3391743
1276	6625963
1276	10800557
1276	13235160
1276	24229398
1290	901
1290	36180
1290	169470
1290	170790
1290	327055
1290	482980
1290	483501
1290	702269
1290	1234713
1290	1650915
1290	2500638
1290	2732142
1290	4964182
1290	15319501
1290	16727193
1290	19829980
1290	20826540
1290	24229398
1294	40348
1294	82955
1294	185351
1294	327055
1294	702269
1294	24229398
1298	40348
1298	82955
1298	185351
1298	327055
1298	702269
1298	24229398
1300	40348
1300	82955
1300	185351
1300	327055
1300	702269
1300	24229398
1316	47064
1316	82955
1316	327055
1316	702269
1316	703534
1316	1250916
1316	1414937
1316	24229398
1317	43845
1317	81096
1317	327055
1317	702269
1317	1414937
1317	13582652
1317	17573152
1317	24229398
1318	43845
1318	82955
1318	193391
1318	212238
1318	327055
1318	572700
1318	702269
1318	703534
1318	978044
1318	1162163
1318	1251441
1318	2462658
1318	16532929
1318	24229398
1318	25713832
1318	80363469
1319	40348
1319	48352
1319	82955
1319	131512
1319	185351
1319	294414
1319	327055
1319	372436
1319	702269
1319	2285706
1319	4164871
1319	24229398
1320	45199
1320	47064
1320	82955
1320	327055
1320	702269
1320	703534
1320	1250916
1320	1414937
1320	2873500
1320	11900058
1320	22813352
1320	24229398
1320	30093123
1322	40348
1322	82955
1322	185351
1322	193391
1322	212238
1322	327055
1322	572700
1322	702269
1322	703534
1322	978044
1322	1162163
1322	1251441
1322	2462658
1322	16532929
1322	24229398
1322	25713832
1322	80363469
1323	16533
1323	36180
1323	40348
1323	82955
1323	185351
1323	193391
1323	201788
1323	212238
1323	327055
1323	482980
1323	483501
1323	572700
1323	599151
1323	702269
1323	703534
1323	978044
1323	1162163
1323	1251441
1323	1650915
1323	2462658
1323	2500638
1323	4594605
1323	15980158
1323	16532929
1323	16727193
1323	20826540
1323	24229398
1323	25713832
1323	80363469
1324	40348
1324	82955
1324	185351
1324	193391
1324	212238
1324	327055
1324	572700
1324	702269
1324	703534
1324	978044
1324	1162163
1324	1251441
1324	2462658
1324	16532929
1324	24229398
1324	25713832
1324	80363469
1325	901
1325	28640
1325	36180
1325	37226
1325	43845
1325	188094
1325	192581
1325	201788
1325	327055
1325	482980
1325	483501
1325	702269
1325	974144
1325	1238570
1325	1622272
1325	1650915
1325	2306091
1325	2500638
1325	3400985
1325	4359236
1325	4964182
1325	5428874
1325	6958747
1325	15319501
1325	15980158
1325	16727193
1325	20826540
1325	24229398
1326	40348
1326	82955
1326	185351
1326	327055
1326	702269
1326	24229398
1327	82955
1327	193391
1327	212238
1327	327055
1327	572700
1327	702269
1327	703534
1327	978044
1327	1162163
1327	1251441
1327	2462658
1327	16532929
1327	24229398
1327	25713832
1327	80363469
1328	16533
1328	40348
1328	82955
1328	185351
1328	193391
1328	212238
1328	327055
1328	572700
1328	599151
1328	702269
1328	703534
1328	978044
1328	1162163
1328	1251441
1328	2462658
1328	4594605
1328	16532929
1328	24229398
1328	25713832
1328	80363469
1329	47064
1329	82955
1329	327055
1329	702269
1329	703534
1329	1250916
1329	1414937
1329	24229398
1330	47064
1330	82955
1330	327055
1330	702269
1330	703534
1330	1250916
1330	1414937
1330	24229398
1331	47064
1331	82955
1331	193391
1331	212238
1331	327055
1331	572700
1331	702269
1331	703534
1331	978044
1331	1162163
1331	1250916
1331	1251441
1331	1414937
1331	2462658
1331	16532929
1331	24229398
1331	25713832
1331	80363469
1332	47064
1332	82955
1332	327055
1332	702269
1332	703534
1332	1250916
1332	1414937
1332	4991371
1332	24229398
1333	47064
1333	82955
1333	193391
1333	212238
1333	327055
1333	572700
1333	702269
1333	703534
1333	978044
1333	1162163
1333	1250916
1333	1251441
1333	1414937
1333	2462658
1333	16532929
1333	24229398
1333	25713832
1333	80363469
1339	901
1339	28640
1339	36834
1339	37226
1339	43845
1339	158852
1339	192581
1339	327055
1339	482980
1339	483501
1339	639669
1339	702269
1339	713200
1339	765778
1339	974144
1339	978044
1339	1075651
1339	1076502
1339	1162163
1339	1198887
1339	1231865
1339	1251441
1339	1259917
1339	1278335
1339	1622272
1339	1650915
1339	2462658
1339	2500638
1339	2675537
1339	3400985
1339	4359236
1339	5428874
1339	6958747
1339	14915627
1339	15319501
1339	16145150
1339	16727193
1339	20826540
1339	24229398
1339	25713832
1339	81729632
1340	28640
1340	36834
1340	42603
1340	177826
1340	192581
1340	250867
1340	327055
1340	482980
1340	483501
1340	486748
1340	639669
1340	702269
1340	706364
1340	765778
1340	831474
1340	943995
1340	978044
1340	1075651
1340	1162163
1340	1251441
1340	1278335
1340	1423891
1340	1776724
1340	2259532
1340	2462658
1340	2500638
1340	2961975
1340	3315492
1340	4801269
1340	6958747
1340	15839299
1340	15980804
1340	17291399
1340	17573152
1340	24229398
1340	25713832
1340	81729632
1381	81096
1381	205375
1381	327055
1381	482980
1381	483501
1381	702269
1381	2500638
1381	3630699
1381	5322166
1381	24229398
1394	901
1394	28640
1394	36180
1394	37226
1394	40348
1394	82955
1394	185351
1394	188094
1394	192581
1394	327055
1394	482980
1394	483501
1394	702269
1394	974144
1394	1238570
1394	1650915
1394	1930187
1394	2500638
1394	3242115
1394	3400985
1394	4964182
1394	6958747
1394	11499147
1394	15253558
1394	15319501
1394	15980158
1394	15980804
1394	16727193
1394	18931911
1394	20826540
1394	24229398
1395	28389
1395	36180
1395	327055
1395	482980
1395	483501
1395	644687
1395	702269
1395	715301
1395	2500638
1395	3391743
1395	15296811
1395	24229398
1398	36180
1398	49757
1398	327055
1398	482980
1398	483501
1398	702269
1398	2500638
1398	24229398
1399	901
1399	28640
1399	36180
1399	37226
1399	49757
1399	82955
1399	192581
1399	193391
1399	201788
1399	212238
1399	327055
1399	333634
1399	482980
1399	483501
1399	572700
1399	702269
1399	703534
1399	974144
1399	978044
1399	1162163
1399	1238570
1399	1251441
1399	1650915
1399	1790480
1399	2462658
1399	2500638
1399	3400985
1399	4964182
1399	6958747
1399	14467526
1399	15319501
1399	15980158
1399	16532929
1399	16727193
1399	18931911
1399	20826540
1399	24229398
1399	25713832
1399	30102337
1399	80363469
1401	36180
1401	36834
1401	49757
1401	327055
1401	333634
1401	482980
1401	483501
1401	639669
1401	702269
1401	753110
1401	822146
1401	864380
1401	1650915
1401	1790480
1401	2066131
1401	2500638
1401	4964182
1401	9149093
1401	13418253
1401	14467526
1401	15980158
1401	16727193
1401	18814623
1401	20826540
1401	24229398
1401	30102337
1401	50995749
1402	36180
1402	36834
1402	49757
1402	193391
1402	212238
1402	327055
1402	333634
1402	482980
1402	483501
1402	572700
1402	639669
1402	702269
1402	703534
1402	753110
1402	822146
1402	864380
1402	978044
1402	1162163
1402	1251441
1402	1650915
1402	1790480
1402	2462658
1402	2500638
1402	14467526
1402	15949613
1402	15980158
1402	16532929
1402	16727193
1402	20826540
1402	24229398
1402	25713832
1402	30102337
1402	80363469
1403	28389
1403	36180
1403	49757
1403	214917
1403	327055
1403	482980
1403	483501
1403	702269
1403	2500638
1403	6625963
1403	24229398
1405	47064
1405	82955
1405	327055
1405	702269
1405	703534
1405	1250916
1405	1414937
1405	24229398
1405	97667506
1405	98103687
1407	47064
1407	82955
1407	327055
1407	702269
1407	703534
1407	1250916
1407	1414937
1407	4991371
1407	24229398
1409	82955
1409	327055
1409	702269
1409	24229398
1411	36180
1411	42603
1411	82955
1411	177826
1411	201788
1411	327055
1411	482980
1411	483501
1411	702269
1411	1423891
1411	1650915
1411	2259532
1411	2500638
1411	3315492
1411	15980158
1411	16727193
1411	17573152
1411	20826540
1411	24229398
1413	36180
1413	47064
1413	49757
1413	82955
1413	327055
1413	482980
1413	483501
1413	702269
1413	703534
1413	1250916
1413	1414937
1413	2500638
1413	24229398
1414	47064
1414	82955
1414	327055
1414	702269
1414	703534
1414	1250916
1414	1414937
1414	24229398
1416	82955
1416	327055
1416	702269
1416	24229398
1417	47064
1417	82955
1417	327055
1417	702269
1417	703534
1417	1250916
1417	1414937
1417	24229398
1419	43229
1419	82955
1419	327055
1419	702269
1419	24229398
1421	47064
1421	82955
1421	327055
1421	702269
1421	703534
1421	1250916
1421	1414937
1421	24229398
1423	82955
1423	327055
1423	702269
1423	24229398
1424	82955
1424	327055
1424	702269
1424	24229398
1425	28640
1425	47064
1425	82955
1425	189290
1425	192581
1425	327055
1425	372436
1425	702269
1425	703534
1425	1250916
1425	1414937
1425	4164871
1425	6958747
1425	24229398
1425	61022630
1426	2066131
1426	4197743
1426	10833314
1426	18536342
1426	24229398
1426	50995749
1427	36180
1427	47064
1427	49757
1427	82955
1427	327055
1427	482980
1427	483501
1427	702269
1427	703534
1427	1097498
1427	1250916
1427	1251441
1427	1414937
1427	2304859
1427	2500638
1427	4164871
1427	24229398
1429	82955
1429	327055
1429	702269
1429	24229398
1430	36180
1430	82955
1430	327055
1430	482980
1430	483501
1430	702269
1430	1650915
1430	2500638
1430	4964182
1430	16727193
1430	20826540
1430	24229398
1433	82955
1433	327055
1433	702269
1433	24229398
1434	82955
1434	327055
1434	702269
1434	24229398
1436	47064
1436	82955
1436	327055
1436	702269
1436	703534
1436	1250916
1436	1414937
1436	4991371
1436	24229398
1440	47064
1440	82955
1440	327055
1440	702269
1440	703534
1440	1250916
1440	1414937
1440	24229398
1442	47064
1442	82955
1442	327055
1442	702269
1442	703534
1442	1250916
1442	1414937
1442	24229398
1446	82955
1446	327055
1446	702269
1446	24229398
1450	33999
1450	36834
1450	43845
1450	131524
1450	177220
1450	183945
1450	327055
1450	482980
1450	483501
1450	488205
1450	639669
1450	702269
1450	713200
1450	753110
1450	978044
1450	1251441
1450	1278335
1450	2405480
1450	2462658
1450	2490358
1450	2500638
1450	2643890
1450	3455803
1450	5716684
1450	13235160
1450	24229398
1450	25713832
1453	36834
1453	177220
1453	327055
1453	482980
1453	483501
1453	488205
1453	639669
1453	702269
1453	753110
1453	2500638
1453	2643890
1453	4610556
1453	24229398
1453	27943370
1463	40348
1463	43845
1463	47064
1463	82955
1463	131524
1463	185351
1463	327055
1463	702269
1463	703534
1463	1250916
1463	1414937
1463	24229398
1464	901
1464	82955
1464	188094
1464	327055
1464	483501
1464	702269
1464	1650915
1464	2500638
1464	15319501
1464	20826540
1464	24229398
1470	33231
1470	327055
1470	329439
1470	483501
1470	627325
1470	644687
1470	702269
1470	1028181
1470	1658894
1470	1925963
1470	2500638
1470	3391743
1470	5322166
1470	11569986
1470	15296811
1470	24229398
1480	82955
1480	327055
1480	702269
1480	1476215
1480	11499147
1480	15253558
1480	24229398
1488	28640
1488	36180
1488	192581
1488	327055
1488	482980
1488	483501
1488	702269
1488	1930187
1488	2500638
1488	4220892
1488	6430706
1488	6958747
1488	15980158
1488	15980804
1488	24229398
1496	45199
1496	327055
1496	2873500
1496	11900058
1496	22813352
1496	24229398
1496	30093123
1500	901
1500	36180
1500	39631
1500	43229
1500	49757
1500	82955
1500	327055
1500	482980
1500	483501
1500	702269
1500	1028181
1500	1650915
1500	2169973
1500	2306091
1500	2500638
1500	3332438
1500	3391743
1500	4287745
1500	4830453
1500	11974939
1500	12013238
1500	14467526
1500	15319501
1500	16727193
1500	20826540
1500	24229398
1500	30102337
1503	40348
1503	82955
1503	185351
1503	327055
1503	702269
1503	24229398
1511	28389
1511	28640
1511	36180
1511	36834
1511	49757
1511	158852
1511	192581
1511	214917
1511	327055
1511	482980
1511	483501
1511	486748
1511	639669
1511	702269
1511	713200
1511	864380
1511	978044
1511	1075651
1511	1162163
1511	1198887
1511	1251441
1511	1278335
1511	1350157
1511	1930187
1511	2462658
1511	2500638
1511	3387717
1511	3455803
1511	6430706
1511	6958747
1511	8178443
1511	11774156
1511	11774202
1511	15839299
1511	15980158
1511	15980804
1511	18814623
1511	20669622
1511	24229398
1511	25713832
1512	36180
1512	36834
1512	49757
1512	327055
1512	482980
1512	483501
1512	639669
1512	702269
1512	753110
1512	2500638
1512	4853732
1512	6625963
1512	11774202
1512	15949613
1512	15980158
1512	24229398
1514	36834
1514	177220
1514	327055
1514	482980
1514	483501
1514	488205
1514	639669
1514	702269
1514	753110
1514	855091
1514	1278335
1514	2500638
1514	2643890
1514	24229398
1523	82955
1523	327055
1523	372436
1523	702269
1523	24229398
1526	82955
1526	327055
1526	702269
1526	1097498
1526	1251441
1526	2304859
1526	4164871
1526	24229398
1528	82955
1528	327055
1528	702269
1528	1097498
1528	1251441
1528	2304859
1528	4164871
1528	24229398
1532	82955
1532	327055
1532	372436
1532	702269
1532	24229398
1541	901
1541	28640
1541	36180
1541	37226
1541	40348
1541	42603
1541	49757
1541	82955
1541	177826
1541	185351
1541	192581
1541	255274
1541	327055
1541	482980
1541	483501
1541	702269
1541	974144
1541	1238570
1541	1423891
1541	1650915
1541	2259532
1541	2500638
1541	3315492
1541	3400985
1541	4964182
1541	6958747
1541	12859263
1541	15319501
1541	15980158
1541	16727193
1541	17573152
1541	18931911
1541	20826540
1541	24229398
1541	28503751
1541	97667506
1544	901
1544	42973
1544	131062
1544	255274
1544	327055
1544	483501
1544	702269
1544	901402
1544	978044
1544	1251441
1544	1650915
1544	2462658
1544	2500638
1544	3391743
1544	5322166
1544	11424604
1544	20826540
1544	24229398
1544	25713832
1544	60332470
1545	33999
1545	36834
1545	177220
1545	327055
1545	482980
1545	483501
1545	488205
1545	639669
1545	702269
1545	713200
1545	753110
1545	2259451
1545	2405480
1545	2500638
1545	2643890
1545	10798782
1545	10800557
1545	24229398
1545	55960555
1585	901
1585	28640
1585	37226
1585	43845
1585	169470
1585	170790
1585	192581
1585	327055
1585	483501
1585	702269
1585	974144
1585	1622272
1585	1650915
1585	2500638
1585	3400985
1585	4359236
1585	5428874
1585	6958747
1585	20826540
1585	24229398
1589	901
1589	28640
1589	37226
1589	39631
1589	43229
1589	43845
1589	81096
1589	169470
1589	192581
1589	205375
1589	327055
1589	483501
1589	702269
1589	974144
1589	1622272
1589	1650915
1589	2169973
1589	2500638
1589	3400985
1589	4287745
1589	4359236
1589	4830453
1589	5428874
1589	6958747
1589	10872101
1589	11974939
1589	20826540
1589	24229398
1604	2066131
1604	4197743
1604	10871364
1604	18536342
1604	24229398
1604	50995749
1615	901
1615	28640
1615	37226
1615	43845
1615	45199
1615	47064
1615	81096
1615	189290
1615	192581
1615	254651
1615	327055
1615	373021
1615	483501
1615	702269
1615	703534
1615	974144
1615	1250916
1615	1414937
1615	1622272
1615	1650915
1615	2095549
1615	2500638
1615	2873500
1615	3400985
1615	4164871
1615	4359236
1615	5428874
1615	6958747
1615	10669499
1615	11900058
1615	15895020
1615	20826540
1615	22813352
1615	23640580
1615	24229398
1615	30093123
1615	61022630
1615	92262721
1618	28640
1618	36180
1618	47064
1618	81096
1618	189290
1618	192581
1618	205375
1618	254651
1618	327055
1618	373021
1618	482980
1618	483501
1618	618694
1618	702269
1618	703534
1618	864380
1618	1250916
1618	1414937
1618	1650915
1618	2095549
1618	2500638
1618	4164871
1618	4964182
1618	6958747
1618	11499147
1618	11774156
1618	15253558
1618	15980158
1618	16727193
1618	18814623
1618	20826540
1618	23640580
1618	24229398
1618	61022630
1625	43845
1625	81096
1625	82955
1625	327055
1625	702269
1625	2066131
1625	11513337
1625	24229398
1625	50995749
1628	82955
1628	327055
1628	702269
1628	2066131
1628	11513337
1628	24229398
1628	50995749
1631	33999
1631	36834
1631	177220
1631	327055
1631	482980
1631	483501
1631	639669
1631	702269
1631	713200
1631	753110
1631	2500638
1631	2643890
1631	3391743
1631	24229398
1634	47064
1634	81096
1634	212948
1634	327055
1634	702269
1634	703534
1634	937857
1634	978044
1634	1125062
1634	1250916
1634	1251441
1634	1397808
1634	1414937
1634	2066131
1634	2462658
1634	3242115
1634	4197743
1634	4991371
1634	11499147
1634	11513337
1634	13381753
1634	14616728
1634	15253558
1634	18536342
1634	24229398
1634	25713832
1634	26481809
1634	50995749
1638	327055
1638	702269
1638	978044
1638	1251441
1638	1391344
1638	2462658
1638	2588761
1638	15986539
1638	24229398
1638	25713832
1638	26481809
1638	50995749
1639	82955
1639	327055
1639	702269
1639	2066131
1639	11513337
1639	24229398
1639	50995749
1646	28389
1646	36180
1646	214917
1646	327055
1646	482980
1646	483501
1646	702269
1646	864380
1646	978044
1646	1251441
1646	2462658
1646	2500638
1646	2526255
1646	3455803
1646	6625963
1646	15980158
1646	24229398
1646	25713832
1651	2066131
1651	4009406
1651	11513337
1651	14616728
1651	24229398
1651	50995749
1652	2066131
1652	4009406
1652	11513337
1652	14616728
1652	24229398
1652	50995749
1654	2066131
1654	4009406
1654	11513337
1654	14616728
1654	24229398
1654	50995749
1655	2066131
1655	4009406
1655	11513337
1655	14616728
1655	24229398
1655	50995749
1656	2066131
1656	4009406
1656	11513337
1656	14616728
1656	24229398
1656	50995749
1657	2066131
1657	4009406
1657	11513337
1657	14616728
1657	24229398
1657	50995749
1659	2066131
1659	11513337
1659	13381753
1659	14616728
1659	24229398
1659	50995749
1660	2066131
1660	11513337
1660	13381753
1660	14616728
1660	24229398
1660	50995749
1662	2066131
1662	11513337
1662	13381753
1662	14616728
1662	24229398
1662	50995749
1665	2066131
1665	11513337
1665	13381753
1665	14616728
1665	24229398
1665	50995749
1666	28389
1666	33999
1666	36180
1666	36834
1666	49757
1666	177220
1666	327055
1666	482980
1666	483501
1666	488205
1666	639669
1666	702269
1666	753110
1666	855091
1666	978044
1666	1251441
1666	1278335
1666	2462658
1666	2500638
1666	2526255
1666	2643890
1666	3455803
1666	10800557
1666	24229398
1666	25713832
1668	2066131
1668	11513337
1668	13381753
1668	14616728
1668	24229398
1668	50995749
1669	2066131
1669	4439155
1669	11513337
1669	13381753
1669	14616728
1669	24229398
1669	50995749
1671	36180
1671	327055
1671	482980
1671	483501
1671	702269
1671	864380
1671	2066131
1671	2500638
1671	4439155
1671	4853732
1671	11513337
1671	13381753
1671	13382460
1671	14616728
1671	15980158
1671	18814623
1671	24229398
1671	50995749
1672	2066131
1672	4439155
1672	11513337
1672	14616728
1672	24229398
1672	50995749
1674	2066131
1674	4439155
1674	11513337
1674	14616728
1674	24229398
1674	50995749
1677	2066131
1677	11513337
1677	24229398
1677	50995749
1679	2066131
1679	11513337
1679	13381753
1679	14616728
1679	24229398
1679	50995749
1681	2066131
1681	4439155
1681	11513337
1681	14616728
1681	24229398
1681	50995749
1683	2066131
1683	11513337
1683	24229398
1683	50995749
1685	2066131
1685	3665646
1685	4197743
1685	18536342
1685	24229398
1685	50995749
1687	2066131
1687	11513337
1687	24229398
1687	50995749
1690	2066131
1690	11513337
1690	24229398
1690	50995749
1691	2066131
1691	11513337
1691	24229398
1691	50995749
1698	28389
1698	33999
1698	36180
1698	36834
1698	49757
1698	177220
1698	327055
1698	482980
1698	483501
1698	486748
1698	488205
1698	639669
1698	702269
1698	753110
1698	978044
1698	1028181
1698	1075651
1698	1251441
1698	1278335
1698	1415090
1698	2462658
1698	2500638
1698	2526255
1698	2643890
1698	3391743
1698	3455803
1698	10800557
1698	15981151
1698	24229398
1698	25713832
1699	2066131
1699	4009406
1699	11513337
1699	14616728
1699	24229398
1699	50995749
1702	2066131
1702	4439155
1702	11513337
1702	13382460
1702	14616728
1702	24229398
1702	50995749
1704	2066131
1704	4439155
1704	11513337
1704	13382460
1704	14616728
1704	24229398
1704	50995749
1705	2066131
1705	4439155
1705	11513337
1705	13382460
1705	14616728
1705	24229398
1705	50995749
1708	2066131
1708	11513337
1708	24229398
1708	50995749
1712	2066131
1712	11513337
1712	24229398
1712	50995749
1716	33999
1716	36180
1716	36834
1716	177220
1716	327055
1716	482980
1716	483501
1716	488205
1716	639669
1716	702269
1716	753110
1716	822146
1716	1415090
1716	2500638
1716	2643890
1716	10800557
1716	24229398
1716	55960555
1717	2066131
1717	11513337
1717	24229398
1717	50995749
1728	2066131
1728	11513337
1728	24229398
1728	50995749
1732	2066131
1732	11513337
1732	24229398
1732	50995749
1736	2066131
1736	11513337
1736	24229398
1736	50995749
1738	2066131
1738	11513337
1738	24229398
1738	50995749
1739	2066131
1739	11513337
1739	24229398
1739	50995749
1742	378622
1742	2066131
1742	3014296
1742	11513337
1742	23640580
1742	24229398
1742	30339659
1742	45787133
1742	50995749
1743	2066131
1743	11513337
1743	24229398
1743	50995749
1744	28389
1744	33999
1744	36180
1744	36834
1744	43845
1744	49757
1744	131524
1744	177220
1744	183945
1744	327055
1744	482980
1744	483501
1744	639669
1744	702269
1744	713200
1744	753110
1744	855091
1744	978044
1744	1251441
1744	1278335
1744	2462658
1744	2500638
1744	2526255
1744	2643890
1744	3243461
1744	3282637
1744	3455803
1744	4610556
1744	4853732
1744	4887411
1744	5716684
1744	8359428
1744	10732476
1744	10800557
1744	11499147
1744	12362622
1744	13235160
1744	15253558
1744	15980804
1744	24229398
1744	25713832
1744	27943370
1745	2066131
1745	4009406
1745	11513337
1745	14616728
1745	24229398
1745	50995749
1747	2066131
1747	11513337
1747	24229398
1747	50995749
1750	2066131
1750	11513337
1750	24229398
1750	50995749
1751	2066131
1751	4009406
1751	11513337
1751	14616728
1751	24229398
1751	50995749
1752	40348
1752	82955
1752	185351
1752	327055
1752	702269
1752	24229398
1753	2066131
1753	11513337
1753	24229398
1753	50995749
1755	2066131
1755	11513337
1755	24229398
1755	50995749
1758	2066131
1758	11513337
1758	24229398
1758	50995749
1760	2066131
1760	11513337
1760	24229398
1760	50995749
1762	82955
1762	327055
1762	702269
1762	24229398
1766	2066131
1766	11513337
1766	24229398
1766	50995749
1768	33999
1768	36834
1768	158852
1768	177220
1768	327055
1768	482980
1768	483501
1768	488205
1768	639669
1768	702269
1768	705996
1768	713200
1768	753110
1768	806349
1768	978044
1768	1162163
1768	1198887
1768	1251441
1768	2462658
1768	2500638
1768	2643890
1768	10800557
1768	15981151
1768	24229398
1768	25713832
1769	82955
1769	327055
1769	702269
1769	24229398
1771	2066131
1771	11513337
1771	24229398
1771	50995749
1775	1021386
1775	1476215
1775	11499147
1775	15253558
1775	24229398
1776	2066131
1776	11513337
1776	24229398
1776	50995749
1777	82955
1777	327055
1777	702269
1777	24229398
1778	2066131
1778	11513337
1778	24229398
1778	50995749
1779	33999
1779	36834
1779	158852
1779	177220
1779	211236
1779	327055
1779	482980
1779	483501
1779	639669
1779	702269
1779	705996
1779	713200
1779	753110
1779	806349
1779	978044
1779	1162163
1779	1198887
1779	1251441
1779	1278335
1779	1415090
1779	1885941
1779	2462658
1779	2500638
1779	2643890
1779	2722764
1779	3391743
1779	10800557
1779	12377274
1779	13590141
1779	15980804
1779	15981151
1779	16961937
1779	24229398
1779	25713832
1779	55960555
1782	47064
1782	327055
1782	703534
1782	1250916
1782	1414937
1782	24229398
1783	2066131
1783	11513337
1783	24229398
1783	50995749
1784	2066131
1784	11513337
1784	24229398
1784	50995749
1785	28389
1785	33999
1785	36180
1785	36834
1785	49757
1785	177220
1785	193391
1785	212238
1785	327055
1785	482980
1785	483501
1785	488205
1785	572700
1785	639669
1785	702269
1785	703534
1785	753110
1785	822146
1785	978044
1785	1162163
1785	1251441
1785	2462658
1785	2500638
1785	2643890
1785	10800557
1785	16532929
1785	24229398
1785	25713832
1785	55960555
1785	80363469
1786	16533
1786	82955
1786	185351
1786	193391
1786	212238
1786	327055
1786	372436
1786	572700
1786	599151
1786	702269
1786	703534
1786	978044
1786	1162163
1786	1251441
1786	2462658
1786	4594605
1786	16532929
1786	24229398
1786	25713832
1786	80363469
1787	2066131
1787	11513337
1787	24229398
1787	50995749
1788	82955
1788	327055
1788	702269
1788	1097498
1788	1251441
1788	2478141
1788	4164871
1788	24229398
1789	2066131
1789	11513337
1789	14605941
1789	24229398
1789	50995749
1790	36834
1790	42973
1790	177220
1790	211236
1790	255274
1790	327055
1790	482980
1790	483501
1790	639669
1790	702269
1790	753110
1790	947873
1790	1885941
1790	2500638
1790	2643890
1790	2815948
1790	3391743
1790	5322166
1790	13590141
1790	15980804
1790	16961937
1790	24229398
1790	44508716
1790	94498772
1791	16533
1791	82955
1791	185351
1791	212238
1791	327055
1791	572700
1791	599151
1791	702269
1791	703534
1791	978044
1791	1162163
1791	1251441
1791	2462658
1791	4594605
1791	16532929
1791	24229398
1791	25713832
1791	80363469
1793	2066131
1793	11513337
1793	24229398
1793	50995749
1796	2066131
1796	11513337
1796	24229398
1796	50995749
1797	82955
1797	327055
1797	702269
1797	24229398
1798	82955
1798	193391
1798	212238
1798	327055
1798	572700
1798	702269
1798	703534
1798	978044
1798	1162163
1798	1251441
1798	2462658
1798	16532929
1798	24229398
1798	25713832
1798	80363469
1802	33999
1802	36834
1802	177220
1802	327055
1802	482980
1802	483501
1802	486748
1802	488205
1802	639669
1802	702269
1802	753110
1802	855091
1802	1075651
1802	1278335
1802	2500638
1802	2643890
1802	10800557
1802	24229398
1802	55960555
1803	47064
1803	82955
1803	327055
1803	702269
1803	703534
1803	1250916
1803	1414937
1803	24229398
1804	33999
1804	36180
1804	36834
1804	49757
1804	177220
1804	327055
1804	482980
1804	483501
1804	488205
1804	639669
1804	702269
1804	753110
1804	2500638
1804	2643890
1804	10800557
1804	24229398
1805	82955
1805	327055
1805	702269
1805	24229398
1812	82955
1812	327055
1812	702269
1812	24229398
1817	82955
1817	327055
1817	702269
1817	24229398
1830	82955
1830	327055
1830	702269
1830	24229398
1835	41583
1835	628099
1835	937857
1835	1104185
1835	2066131
1835	4197743
1835	18536342
1835	24229398
1835	50995749
1839	41583
1839	628099
1839	937857
1839	1104185
1839	2066131
1839	4197743
1839	18536342
1839	24229398
1839	50995749
1868	901
1868	36180
1868	40348
1868	81096
1868	182436
1868	185351
1868	192581
1868	205375
1868	255274
1868	327055
1868	482980
1868	483501
1868	702269
1868	1650915
1868	1662485
1868	2500638
1868	6958747
1868	15980158
1868	20826540
1868	24229398
1878	28640
1878	36180
1878	37226
1878	43845
1878	192581
1878	327055
1878	482980
1878	483501
1878	702269
1878	974144
1878	1622272
1878	1650915
1878	1930187
1878	2500638
1878	3400985
1878	4359236
1878	4853732
1878	4964182
1878	5428874
1878	6958747
1878	15980804
1878	16727193
1878	20826540
1878	24229398
1879	41583
1879	628099
1879	937857
1879	1104185
1879	2066131
1879	4197743
1879	18536342
1879	24229398
1879	50995749
1883	41583
1883	628099
1883	937857
1883	1104185
1883	2066131
1883	4197743
1883	18536342
1883	24229398
1883	50995749
1885	937857
1885	2066131
1885	4197743
1885	18536342
1885	24229398
1885	50995749
1894	327055
1894	483501
1894	639669
1894	702269
1894	937857
1894	2066131
1894	2252262
1894	2643890
1894	4197743
1894	18536342
1894	24229398
1894	50995749
1907	937857
1907	2066131
1907	4197743
1907	18536342
1907	24229398
1907	50995749
1908	937857
1908	2066131
1908	4197743
1908	18536342
1908	24229398
1908	50995749
1909	937857
1909	2066131
1909	4197743
1909	18536342
1909	24229398
1909	50995749
1910	937857
1910	2066131
1910	4197743
1910	18536342
1910	24229398
1910	50995749
1911	937857
1911	2066131
1911	4197743
1911	18536342
1911	24229398
1911	50995749
1912	937857
1912	2066131
1912	4197743
1912	18536342
1912	24229398
1912	50995749
1913	937857
1913	2066131
1913	4197743
1913	18536342
1913	24229398
1913	50995749
1915	937857
1915	2066131
1915	4197743
1915	18536342
1915	24229398
1915	50995749
1916	937857
1916	2066131
1916	4197743
1916	18536342
1916	24229398
1916	50995749
1917	937857
1917	2066131
1917	4197743
1917	18536342
1917	24229398
1917	50995749
1918	937857
1918	2066131
1918	4197743
1918	18536342
1918	24229398
1918	50995749
1919	937857
1919	2066131
1919	4197743
1919	18536342
1919	24229398
1919	50995749
1920	937857
1920	2066131
1920	4197743
1920	18536342
1920	24229398
1920	50995749
1921	937857
1921	2066131
1921	4197743
1921	18536342
1921	24229398
1921	50995749
1922	937857
1922	2066131
1922	4197743
1922	18536342
1922	24229398
1922	50995749
1923	937857
1923	2066131
1923	4197743
1923	18536342
1923	24229398
1923	50995749
1924	937857
1924	2066131
1924	4197743
1924	18536342
1924	24229398
1924	50995749
1925	937857
1925	2066131
1925	4197743
1925	18536342
1925	24229398
1925	50995749
1926	937857
1926	2066131
1926	4197743
1926	18536342
1926	24229398
1926	50995749
1927	937857
1927	2066131
1927	4197743
1927	18536342
1927	24229398
1927	50995749
1928	937857
1928	2066131
1928	4197743
1928	18536342
1928	24229398
1928	50995749
1929	937857
1929	2066131
1929	4197743
1929	18536342
1929	24229398
1929	50995749
1931	937857
1931	2066131
1931	4197743
1931	18536342
1931	24229398
1931	50995749
1933	2066131
1933	4144610
1933	4270517
1933	20965770
1933	24229398
1933	50995749
1934	937857
1934	2066131
1934	4197743
1934	18536342
1934	24229398
1934	50995749
1935	937857
1935	2066131
1935	4197743
1935	18536342
1935	24229398
1935	50995749
1936	937857
1936	2066131
1936	4197743
1936	18536342
1936	24229398
1936	50995749
1937	937857
1937	2066131
1937	4197743
1937	18536342
1937	24229398
1937	50995749
1938	937857
1938	2066131
1938	4197743
1938	18536342
1938	24229398
1938	50995749
1939	41583
1939	628099
1939	937857
1939	1104185
1939	2066131
1939	4197743
1939	18536342
1939	24229398
1939	50995749
1940	937857
1940	2066131
1940	4197743
1940	18536342
1940	24229398
1940	50995749
1942	937857
1942	2066131
1942	4197743
1942	18536342
1942	24229398
1942	50995749
1943	937857
1943	2066131
1943	4197743
1943	18536342
1943	24229398
1943	50995749
1944	937857
1944	2066131
1944	4197743
1944	18536342
1944	24229398
1944	50995749
1945	2066131
1945	4144610
1945	4270517
1945	20965770
1945	24229398
1945	50995749
1950	33999
1950	327055
1950	483501
1950	702269
1950	2066131
1950	4144610
1950	4270517
1950	20965770
1950	24229398
1950	50995749
1955	33999
1955	327055
1955	483501
1955	702269
1955	2066131
1955	4144610
1955	4270517
1955	20965770
1955	24229398
1955	50995749
1956	28640
1956	37226
1956	192581
1956	327055
1956	702269
1956	974144
1956	2066131
1956	4144610
1956	4270517
1956	6958747
1956	20826540
1956	20965770
1956	24229398
1956	50995749
1958	2066131
1958	4144610
1958	4270517
1958	20965770
1958	24229398
1958	50995749
1962	2066131
1962	4144610
1962	4270517
1962	20965770
1962	24229398
1962	50995749
1984	2066131
1984	4144610
1984	4270517
1984	20965770
1984	24229398
1984	50995749
1991	2066131
1991	4144610
1991	4270517
1991	20965770
1991	24229398
1991	50995749
1993	191633
1993	327055
1993	482980
1993	483501
1993	644687
1993	702269
1993	715301
1993	2500638
1993	3391743
1993	15296811
1993	24229398
2001	28389
2001	33231
2001	36180
2001	43845
2001	131524
2001	222344
2001	327055
2001	482980
2001	483501
2001	702269
2001	978044
2001	1208175
2001	1251441
2001	1414443
2001	1970438
2001	2066131
2001	2462658
2001	2500638
2001	2526255
2001	3282637
2001	3391743
2001	3455803
2001	4197743
2001	5352191
2001	7042855
2001	10873124
2001	13235160
2001	15980804
2001	17291399
2001	18536342
2001	24229398
2001	25713832
2001	47541952
2001	50995749
2001	74649115
2006	2066131
2006	4144610
2006	4270517
2006	20965770
2006	24229398
2006	50995749
2010	191633
2010	327055
2010	482980
2010	483501
2010	644687
2010	702269
2010	715301
2010	2500638
2010	3391743
2010	15296811
2010	24229398
2022	28389
2022	28640
2022	36180
2022	192581
2022	327055
2022	333634
2022	482980
2022	483501
2022	702269
2022	864380
2022	1607826
2022	1650915
2022	1790480
2022	1930187
2022	2500638
2022	4263842
2022	6430706
2022	6958747
2022	14467526
2022	15980158
2022	15980804
2022	16727193
2022	17167049
2022	20826540
2022	24229398
2022	30102337
2031	2066131
2031	4144610
2031	4270517
2031	20965770
2031	24229398
2031	50995749
2038	28640
2038	40348
2038	82955
2038	185351
2038	192581
2038	327055
2038	482980
2038	483501
2038	702269
2038	1930187
2038	2500638
2038	6958747
2038	15980804
2038	24229398
2039	36180
2039	49757
2039	201788
2039	327055
2039	482980
2039	483501
2039	702269
2039	1650915
2039	2500638
2039	15980158
2039	16727193
2039	20826540
2039	24229398
2040	378622
2040	2066131
2040	10349745
2040	23640580
2040	24229398
2040	30339659
2040	50995749
2042	28640
2042	36180
2042	37226
2042	47064
2042	82955
2042	192581
2042	327055
2042	372436
2042	482980
2042	483501
2042	702269
2042	703534
2042	864380
2042	974144
2042	1250916
2042	1414937
2042	2500638
2042	3400985
2042	6958747
2042	11774156
2042	15980158
2042	18814623
2042	18931911
2042	20826540
2042	24229398
2054	28389
2054	36180
2054	49757
2054	82955
2054	214917
2054	327055
2054	372436
2054	482980
2054	483501
2054	702269
2054	1650915
2054	2500638
2054	4964182
2054	15980158
2054	16727193
2054	20826540
2054	24229398
2069	43845
2069	131524
2069	327055
2069	378622
2069	702269
2069	2066131
2069	10349745
2069	23640580
2069	24229398
2069	30339659
2069	50995749
2071	28389
2071	33231
2071	33999
2071	36180
2071	36834
2071	43845
2071	131524
2071	266569
2071	327055
2071	482980
2071	483501
2071	639669
2071	702269
2071	753110
2071	822146
2071	978044
2071	1028181
2071	1251441
2071	1414443
2071	1925963
2071	2405480
2071	2462658
2071	2500638
2071	2526255
2071	3282637
2071	3391743
2071	3455803
2071	7042855
2071	10798782
2071	10800557
2071	13235160
2071	15980804
2071	17291399
2071	24229398
2071	25713832
2072	2066131
2072	4144610
2072	4270517
2072	20965770
2072	24229398
2072	50995749
2086	378622
2086	2066131
2086	3014296
2086	10349745
2086	23640580
2086	24229398
2086	30339659
2086	45787133
2086	50995749
2097	2066131
2097	4144610
2097	4270517
2097	20965770
2097	24229398
2097	50995749
2098	36180
2098	49757
2098	327055
2098	482980
2098	483501
2098	702269
2098	2500638
2098	24229398
2104	378622
2104	2066131
2104	10349745
2104	23640580
2104	24229398
2104	30339659
2104	50995749
2105	82955
2105	212238
2105	327055
2105	372436
2105	572700
2105	599151
2105	702269
2105	703534
2105	978044
2105	1162163
2105	1251441
2105	2462658
2105	16532929
2105	24229398
2105	25713832
2105	80363469
2116	36834
2116	327055
2116	482980
2116	483501
2116	486748
2116	639669
2116	702269
2116	1075651
2116	1278335
2116	2500638
2116	24229398
2124	82955
2124	212238
2124	327055
2124	372436
2124	572700
2124	599151
2124	702269
2124	703534
2124	978044
2124	1162163
2124	1251441
2124	2462658
2124	16532929
2124	24229398
2124	25713832
2124	80363469
2125	327055
2125	378622
2125	702269
2125	978044
2125	1162163
2125	1251441
2125	2066131
2125	2462658
2125	10349745
2125	23640580
2125	24229398
2125	25713832
2125	30339659
2125	50995749
2129	36180
2129	327055
2129	482980
2129	483501
2129	702269
2129	864380
2129	2066131
2129	2500638
2129	4144610
2129	4270517
2129	15980158
2129	18814623
2129	20965770
2129	24229398
2129	50995749
2147	82955
2147	327055
2147	702269
2147	7019111
2147	24229398
2153	36180
2153	82955
2153	327055
2153	482980
2153	483501
2153	702269
2153	2500638
2153	3242115
2153	11499147
2153	15253558
2153	24229398
2161	36180
2161	47064
2161	49757
2161	82955
2161	201788
2161	327055
2161	482980
2161	483501
2161	702269
2161	703534
2161	864380
2161	1250916
2161	1414937
2161	1650915
2161	2500638
2161	4964182
2161	15980158
2161	16727193
2161	20826540
2161	24229398
2172	36180
2172	327055
2172	482980
2172	483501
2172	702269
2172	864380
2172	2066131
2172	2125610
2172	2309784
2172	2500638
2172	15306067
2172	15980158
2172	18814623
2172	24229398
2172	50995749
2185	43845
2185	82955
2185	327055
2185	702269
2185	806798
2185	24229398
2190	28389
2190	33999
2190	36180
2190	211236
2190	245068
2190	327055
2190	482980
2190	483501
2190	702269
2190	713200
2190	978044
2190	1251441
2190	1885941
2190	2462658
2190	2500638
2190	2526255
2190	2722764
2190	3455803
2190	10800557
2190	13590141
2190	15980804
2190	16961937
2190	24229398
2190	25713832
2196	33999
2196	36180
2196	211236
2196	245068
2196	327055
2196	482980
2196	483501
2196	702269
2196	713200
2196	1885941
2196	2500638
2196	2722764
2196	13590141
2196	15980804
2196	16961937
2196	24229398
2196	44508716
2252	901
2252	28640
2252	36180
2252	43845
2252	47064
2252	81096
2252	189290
2252	192581
2252	254651
2252	327055
2252	373021
2252	482980
2252	483501
2252	618694
2252	702269
2252	703534
2252	864380
2252	1250916
2252	1414937
2252	1650915
2252	2095549
2252	2500638
2252	4164871
2252	6958747
2252	15980158
2252	18814623
2252	18844224
2252	20826540
2252	23640580
2252	24229398
2252	28225718
2252	61022630
2253	47064
2253	82955
2253	327055
2253	702269
2253	703534
2253	1250916
2253	1414937
2253	24229398
2253	97667506
2253	98103687
2259	82955
2259	327055
2259	702269
2259	1097498
2259	1251441
2259	2478141
2259	4164871
2259	24229398
2263	28389
2263	33999
2263	36180
2263	36834
2263	43845
2263	131524
2263	245068
2263	327055
2263	482980
2263	483501
2263	578109
2263	639669
2263	702269
2263	713200
2263	978044
2263	1251441
2263	1414443
2263	2059704
2263	2259451
2263	2405480
2263	2462658
2263	2500638
2263	2526255
2263	3282637
2263	3455803
2263	10798782
2263	10800557
2263	13235160
2263	15949613
2263	15980804
2263	24229398
2263	25713832
2263	47541952
2274	36834
2274	177220
2274	327055
2274	482980
2274	483501
2274	639669
2274	702269
2274	1278335
2274	2500638
2274	2643890
2274	12377274
2274	15981151
2274	24229398
2291	28389
2291	33999
2291	36180
2291	36834
2291	49757
2291	214917
2291	245068
2291	327055
2291	482980
2291	483501
2291	639669
2291	702269
2291	713200
2291	753110
2291	822146
2291	2500638
2291	10800557
2291	24229398
2307	47064
2307	82955
2307	327055
2307	702269
2307	703534
2307	1250916
2307	1414937
2307	24229398
2307	97667506
2307	98103687
2327	378622
2327	2066131
2327	3014296
2327	23640580
2327	24229398
2327	30339659
2327	45787133
2327	50995749
2330	378622
2330	2066131
2330	3014296
2330	23640580
2330	24229398
2330	30339659
2330	45787133
2330	50995749
2339	937857
2339	2066131
2339	4197743
2339	18536342
2339	24229398
2339	50995749
2492	16533
2492	36180
2492	40348
2492	47064
2492	82955
2492	185351
2492	212238
2492	212948
2492	327055
2492	482980
2492	483501
2492	572700
2492	599151
2492	702269
2492	703534
2492	864380
2492	978044
2492	1125062
2492	1162163
2492	1250916
2492	1251441
2492	1397808
2492	1414937
2492	2462658
2492	2500638
2492	3242115
2492	4594605
2492	4991371
2492	11499147
2492	15253558
2492	15980158
2492	16532929
2492	18814623
2492	24229398
2492	25713832
2492	80363469
2494	901
2494	28640
2494	36180
2494	37226
2494	42603
2494	43845
2494	161944
2494	177826
2494	192581
2494	250867
2494	327055
2494	482980
2494	483501
2494	486748
2494	639669
2494	702269
2494	831474
2494	974144
2494	1075651
2494	1234713
2494	1278335
2494	1423891
2494	1622272
2494	1650915
2494	2259532
2494	2500638
2494	3315492
2494	3400985
2494	4359236
2494	4964182
2494	5428874
2494	6958747
2494	15319501
2494	16727193
2494	17573152
2494	19829980
2494	20826540
2494	24229398
2494	24262594
2494	25393460
2496	901
2496	28640
2496	37226
2496	43845
2496	82955
2496	188094
2496	192581
2496	327055
2496	483501
2496	702269
2496	974144
2496	1622272
2496	1650915
2496	2500638
2496	3400985
2496	4359236
2496	5428874
2496	6958747
2496	15319501
2496	20826540
2496	24229398
2512	16533
2512	40348
2512	82955
2512	185351
2512	212238
2512	327055
2512	572700
2512	599151
2512	702269
2512	703534
2512	978044
2512	1162163
2512	1251441
2512	2462658
2512	4594605
2512	16532929
2512	24229398
2512	25713832
2512	80363469
2514	28640
2514	36180
2514	82955
2514	192581
2514	327055
2514	482980
2514	483501
2514	702269
2514	864380
2514	1930187
2514	2500638
2514	6958747
2514	15980158
2514	15980804
2514	18814623
2514	24229398
2516	901
2516	36180
2516	82955
2516	188094
2516	212238
2516	327055
2516	482980
2516	483501
2516	572700
2516	702269
2516	703534
2516	978044
2516	1162163
2516	1251441
2516	1650915
2516	2462658
2516	2500638
2516	15319501
2516	15980158
2516	16532929
2516	20826540
2516	24229398
2516	25713832
2516	80363469
2518	901
2518	28640
2518	36180
2518	37226
2518	82955
2518	192581
2518	201788
2518	327055
2518	482980
2518	483501
2518	702269
2518	974144
2518	1238570
2518	1650915
2518	2500638
2518	3400985
2518	6958747
2518	15319501
2518	15980158
2518	16727193
2518	20826540
2518	24229398
2530	36180
2530	40348
2530	82955
2530	185351
2530	255274
2530	327055
2530	482980
2530	483501
2530	702269
2530	2500638
2530	15978655
2530	15980158
2530	24229398
2538	28640
2538	36180
2538	37226
2538	43845
2538	82955
2538	152002
2538	177826
2538	192581
2538	327055
2538	482980
2538	483501
2538	702269
2538	974144
2538	1622272
2538	1930187
2538	2259532
2538	2500638
2538	3400985
2538	4359236
2538	4504549
2538	5428874
2538	6958747
2538	15980158
2538	15980804
2538	17573152
2538	20826540
2538	24229398
2540	40348
2540	82955
2540	185351
2540	327055
2540	702269
2540	24229398
2542	901
2542	82955
2542	188094
2542	327055
2542	483501
2542	702269
2542	1650915
2542	2500638
2542	15319501
2542	20826540
2542	24229398
2543	28389
2543	36180
2543	327055
2543	482980
2543	483501
2543	644687
2543	702269
2543	715301
2543	2500638
2543	3391743
2543	15296811
2543	24229398
2551	28640
2551	43845
2551	82955
2551	192581
2551	215536
2551	327055
2551	482980
2551	483501
2551	702269
2551	998550
2551	1415187
2551	1930187
2551	2500638
2551	3704253
2551	6958747
2551	15980804
2551	24229398
2563	16533
2563	28640
2563	37226
2563	43845
2563	82955
2563	185351
2563	192581
2563	212238
2563	327055
2563	572700
2563	599151
2563	702269
2563	703534
2563	974144
2563	978044
2563	1162163
2563	1251441
2563	1622272
2563	2462658
2563	3400985
2563	4359236
2563	4594605
2563	5428874
2563	6958747
2563	16532929
2563	20826540
2563	24229398
2563	25713832
2563	80363469
2566	28640
2566	47064
2566	189290
2566	192581
2566	327055
2566	703534
2566	1250916
2566	1414937
2566	4164871
2566	6958747
2566	24229398
2566	61022630
2567	40348
2567	47064
2567	82955
2567	185351
2567	327055
2567	702269
2567	703534
2567	1250916
2567	1414937
2567	24229398
2569	82955
2569	185351
2569	193391
2569	212238
2569	327055
2569	572700
2569	702269
2569	703534
2569	978044
2569	1162163
2569	1251441
2569	2462658
2569	16532929
2569	24229398
2569	25713832
2569	80363469
2570	327055
2570	482980
2570	483501
2570	644687
2570	702269
2570	715301
2570	2500638
2570	3391743
2570	15296811
2570	24229398
2571	47064
2571	82955
2571	327055
2571	702269
2571	703534
2571	1250916
2571	1414937
2571	24229398
2573	901
2573	40348
2573	82955
2573	185351
2573	327055
2573	483501
2573	702269
2573	1234713
2573	1650915
2573	2500638
2573	15319501
2573	16727193
2573	19829980
2573	20826540
2573	24229398
2582	81096
2582	82955
2582	327055
2582	702269
2582	24229398
2593	28389
2593	33999
2593	36180
2593	43845
2593	131524
2593	327055
2593	482980
2593	483501
2593	702269
2593	978044
2593	1251441
2593	2462658
2593	2500638
2593	2526255
2593	3282637
2593	3455803
2593	10800557
2593	13235160
2593	15980804
2593	24229398
2593	25713832
2594	28640
2594	37226
2594	43845
2594	82955
2594	192581
2594	327055
2594	482980
2594	483501
2594	702269
2594	974144
2594	1622272
2594	1930187
2594	2500638
2594	3400985
2594	4359236
2594	5428874
2594	6958747
2594	15980804
2594	20826540
2594	24229398
2597	33999
2597	327055
2597	483501
2597	702269
2597	2405480
2597	10798782
2597	10800557
2597	24229398
2599	28389
2599	33999
2599	36180
2599	36834
2599	43845
2599	131524
2599	177220
2599	327055
2599	386854
2599	482980
2599	483501
2599	486748
2599	488205
2599	584301
2599	639669
2599	702269
2599	753110
2599	822146
2599	855091
2599	1028181
2599	1075651
2599	1278335
2599	1415090
2599	2500638
2599	2643890
2599	3282637
2599	3391743
2599	4351403
2599	13235160
2599	15980804
2599	24229398
2599	55960555
2601	47064
2601	82955
2601	185351
2601	212948
2601	327055
2601	702269
2601	703534
2601	1125062
2601	1250916
2601	1397808
2601	1414937
2601	3242115
2601	4991371
2601	11499147
2601	15253558
2601	24229398
2602	82955
2602	327055
2602	702269
2602	24229398
2604	42603
2604	177826
2604	193391
2604	212238
2604	250867
2604	255274
2604	327055
2604	432386
2604	548320
2604	572700
2604	702269
2604	703534
2604	733786
2604	831474
2604	978044
2604	1162163
2604	1251441
2604	1423891
2604	2259532
2604	2462658
2604	2566598
2604	3315492
2604	4504549
2604	12859263
2604	16532929
2604	17573152
2604	24229398
2604	25713832
2604	28503751
2604	80363469
2607	36180
2607	47064
2607	82955
2607	212948
2607	327055
2607	482980
2607	483501
2607	702269
2607	703534
2607	864380
2607	1125062
2607	1250916
2607	1397808
2607	1414937
2607	2500638
2607	3242115
2607	4991371
2607	11499147
2607	15253558
2607	15980158
2607	18814623
2607	24229398
2610	47064
2610	82955
2610	212948
2610	327055
2610	702269
2610	703534
2610	1125062
2610	1250916
2610	1397808
2610	1414937
2610	3242115
2610	4991371
2610	11499147
2610	15253558
2610	24229398
2628	47064
2628	82955
2628	212948
2628	327055
2628	702269
2628	703534
2628	1125062
2628	1250916
2628	1397808
2628	1414937
2628	3242115
2628	4991371
2628	11499147
2628	15253558
2628	24229398
2632	28389
2632	33999
2632	36180
2632	36834
2632	43845
2632	131524
2632	177220
2632	327055
2632	386854
2632	482980
2632	483501
2632	488205
2632	639669
2632	702269
2632	753110
2632	855091
2632	978044
2632	1028181
2632	1251441
2632	1278335
2632	1414443
2632	2405480
2632	2462658
2632	2500638
2632	2526255
2632	2643890
2632	3282637
2632	3391743
2632	3455803
2632	4351403
2632	7042855
2632	10800557
2632	13235160
2632	15980804
2632	24229398
2632	25713832
2643	901
2643	18805
2643	33999
2643	36180
2643	36834
2643	43845
2643	49757
2643	131524
2643	177220
2643	183945
2643	327055
2643	482980
2643	483501
2643	488205
2643	584301
2643	639669
2643	702269
2643	753110
2643	855091
2643	864380
2643	864503
2643	1278335
2643	1415090
2643	1650915
2643	2374149
2643	2500638
2643	2643890
2643	3140857
2643	3282637
2643	10800557
2643	13235160
2643	15980158
2643	15980804
2643	18814623
2643	20826540
2643	24229398
2646	82955
2646	327055
2646	702269
2646	24229398
2655	327055
2655	2873500
2655	11900058
2655	22813352
2655	24229398
2655	30093123
2667	47064
2667	82955
2667	327055
2667	702269
2667	703534
2667	1250916
2667	1414937
2667	4991371
2667	24229398
2673	28389
2673	33999
2673	36180
2673	43845
2673	131524
2673	327055
2673	465501
2673	482980
2673	483501
2673	702269
2673	713200
2673	1414937
2673	2066131
2673	2500638
2673	3282637
2673	9017214
2673	10798782
2673	10800557
2673	11124885
2673	13235160
2673	13382533
2673	15980804
2673	24229398
2673	50995749
2677	82955
2677	327055
2677	372436
2677	702269
2677	24229398
2680	33999
2680	36180
2680	43845
2680	131524
2680	177220
2680	327055
2680	482980
2680	483501
2680	639669
2680	702269
2680	2405480
2680	2500638
2680	2643890
2680	3282637
2680	3427922
2680	8246794
2680	10798782
2680	10800557
2680	13235160
2680	15980804
2680	24229398
2680	47541952
2685	33999
2685	36180
2685	43845
2685	47064
2685	82955
2685	131524
2685	160117
2685	327055
2685	482980
2685	483501
2685	702269
2685	703534
2685	864380
2685	978044
2685	1250916
2685	1251441
2685	1414937
2685	2066131
2685	2462658
2685	2500638
2685	2526255
2685	3282637
2685	3427922
2685	3455803
2685	4991371
2685	7623231
2685	10800557
2685	13235160
2685	15980158
2685	15980804
2685	18814623
2685	24229398
2685	25713832
2685	50995749
2709	28640
2709	33231
2709	33999
2709	36180
2709	130857
2709	177220
2709	192581
2709	211236
2709	327055
2709	482980
2709	483501
2709	488111
2709	639669
2709	702269
2709	852857
2709	1630100
2709	1885941
2709	2045208
2709	2500638
2709	2643890
2709	3286043
2709	3391743
2709	4610556
2709	6958747
2709	10798782
2709	10800557
2709	15980804
2709	24229398
2709	27943370
2732	33999
2732	327055
2732	483501
2732	488111
2732	702269
2732	852857
2732	1630100
2732	2500638
2732	3286043
2732	4610556
2732	10800557
2732	24229398
2732	27943370
2737	28389
2737	33999
2737	36180
2737	43845
2737	131524
2737	245068
2737	327055
2737	482980
2737	483501
2737	486748
2737	639669
2737	702269
2737	713200
2737	978044
2737	1075651
2737	1251441
2737	1278335
2737	2259451
2737	2405480
2737	2462658
2737	2500638
2737	2526255
2737	3282637
2737	3455803
2737	10798782
2737	10800557
2737	11481802
2737	13235160
2737	15980804
2737	24229398
2737	25713832
2750	33999
2750	36180
2750	36834
2750	49757
2750	177220
2750	245068
2750	327055
2750	482980
2750	483501
2750	639669
2750	702269
2750	713200
2750	753110
2750	2259451
2750	2500638
2750	2643890
2750	10800557
2750	24229398
2754	28640
2754	33999
2754	36180
2754	192581
2754	245068
2754	327055
2754	482980
2754	483501
2754	702269
2754	713200
2754	1930187
2754	2500638
2754	6430706
2754	6625963
2754	6958747
2754	15980158
2754	15980804
2754	24229398
2757	28640
2757	33999
2757	37226
2757	40348
2757	43845
2757	82955
2757	185351
2757	192581
2757	327055
2757	483501
2757	702269
2757	974144
2757	1622272
2757	3400985
2757	4359236
2757	5428874
2757	6958747
2757	8359428
2757	10800557
2757	11499147
2757	15253558
2757	15627169
2757	20826540
2757	24229398
2767	28640
2767	47064
2767	82955
2767	189290
2767	192581
2767	327055
2767	702269
2767	703534
2767	1250916
2767	1414937
2767	4164871
2767	6958747
2767	24229398
2767	61022630
2791	47064
2791	82955
2791	212948
2791	327055
2791	702269
2791	703534
2791	1097498
2791	1125062
2791	1250916
2791	1251441
2791	1397808
2791	1414937
2791	3242115
2791	4164871
2791	4991371
2791	11499147
2791	15253558
2791	24229398
2808	33999
2808	36834
2808	177220
2808	327055
2808	482980
2808	483501
2808	486748
2808	488205
2808	639669
2808	702269
2808	753110
2808	855091
2808	1021386
2808	1075651
2808	1278335
2808	1476215
2808	2500638
2808	2643890
2808	10800557
2808	11499147
2808	15253558
2808	24229398
2808	55960555
2831	28389
2831	33999
2831	36180
2831	36834
2831	43845
2831	49757
2831	131524
2831	177220
2831	183945
2831	327055
2831	482980
2831	483501
2831	488205
2831	639669
2831	702269
2831	713200
2831	753110
2831	864380
2831	978044
2831	1251441
2831	2462658
2831	2490358
2831	2500638
2831	2526255
2831	2643890
2831	3455803
2831	4887411
2831	5716684
2831	8359428
2831	10800557
2831	11499147
2831	12362622
2831	13235160
2831	15253558
2831	15980158
2831	18814623
2831	24229398
2831	25713832
2831	55960555
2866	901
2866	28640
2866	36180
2866	37226
2866	47064
2866	82955
2866	188094
2866	192581
2866	201788
2866	327055
2866	482980
2866	483501
2866	702269
2866	703534
2866	974144
2866	1250916
2866	1414937
2866	1650915
2866	2500638
2866	6958747
2866	15319501
2866	15980158
2866	16727193
2866	20826540
2866	24229398
2908	28640
2908	36180
2908	49757
2908	192581
2908	254651
2908	327055
2908	373021
2908	482980
2908	483501
2908	702269
2908	864380
2908	1930187
2908	2095549
2908	2500638
2908	4853732
2908	6625963
2908	6958747
2908	11774202
2908	15980158
2908	15980804
2908	18814623
2908	23640580
2908	24229398
2972	901
2972	327055
2972	483501
2972	702269
2972	901402
2972	1650915
2972	2500638
2972	2873500
2972	11424604
2972	11900058
2972	20826540
2972	22813352
2972	24229398
2972	30093123
2998	81096
2998	254651
2998	327055
2998	373021
2998	2095549
2998	23640580
2998	24229398
3008	36834
3008	43845
3008	131524
3008	177220
3008	183945
3008	327055
3008	482980
3008	483501
3008	639669
3008	702269
3008	753110
3008	855091
3008	1278335
3008	2500638
3008	2643890
3008	13235160
3008	24229398
3034	40348
3034	82955
3034	185351
3034	327055
3034	702269
3034	24229398
3036	28640
3036	36834
3036	37226
3036	43845
3036	158852
3036	192581
3036	327055
3036	482980
3036	483501
3036	639669
3036	702269
3036	713200
3036	974144
3036	978044
3036	1076502
3036	1162163
3036	1198887
3036	1251441
3036	1622272
3036	2462658
3036	2500638
3036	3400985
3036	4359236
3036	5428874
3036	6958747
3036	20826540
3036	24229398
3036	25713832
3044	116
3044	48352
3044	82955
3044	294414
3044	327055
3044	372436
3044	482980
3044	483501
3044	702269
3044	1097498
3044	1251441
3044	2304859
3044	2500638
3044	4164871
3044	24229398
3048	28640
3048	36180
3048	49757
3048	82955
3048	192581
3048	327055
3048	482980
3048	483501
3048	702269
3048	1650915
3048	1930187
3048	2500638
3048	4964182
3048	6958747
3048	15980804
3048	16727193
3048	20826540
3048	24229398
3090	82955
3090	327055
3090	702269
3090	24229398
3095	28640
3095	37226
3095	43845
3095	192581
3095	327055
3095	483501
3095	702269
3095	974144
3095	1622272
3095	1650915
3095	2500638
3095	3400985
3095	4359236
3095	5428874
3095	6958747
3095	14467526
3095	16727193
3095	20826540
3095	24229398
3095	30102337
3098	47064
3098	327055
3098	703534
3098	1250916
3098	1414937
3098	4991371
3098	24229398
3099	327055
3099	483501
3099	702269
3099	1281618
3099	1294787
3099	1391344
3099	2500638
3099	2588761
3099	3391743
3099	24229398
3101	327055
3101	702269
3101	978044
3101	1162163
3101	1251441
3101	2462658
3101	2961975
3101	24229398
3101	25713832
3102	36180
3102	327055
3102	482980
3102	483501
3102	702269
3102	2500638
3102	6625963
3102	24229398
3112	378622
3112	2066131
3112	10349745
3112	23640580
3112	24229398
3112	30339659
3112	50995749
3121	212238
3121	327055
3121	384593
3121	572700
3121	702269
3121	703534
3121	978044
3121	1162163
3121	1251441
3121	2462658
3121	6503343
3121	16532929
3121	24229398
3121	25713832
3121	80363469
3128	45199
3128	81096
3128	327055
3128	378622
3128	482980
3128	483501
3128	702269
3128	2066131
3128	2500638
3128	2873500
3128	10349745
3128	11900058
3128	22813352
3128	23640580
3128	24229398
3128	30093123
3128	30339659
3128	50995749
3137	131512
3137	327055
3137	378622
3137	2066131
3137	10349745
3137	23640580
3137	24229398
3137	30339659
3137	50995749
